Track Name,Artists,Album Name,Album ID,Track ID,Popularity,Release Date,Duration (ms),Explicit,External URLs,Danceability,Energy,Key,Loudness,Mode,Speechiness,Acousticness,Instrumentalness,Liveness,Valence,Tempo
Roobaroo,"A.R. Rahman, Naresh Iyer",Rang De Basanti (Original Motion Picture Soundtrack),0NKNDn80mhKn4Xi6nHrsqQ,3vqJY3pVELLIxqXXyI08yr,53,2005-12-04,282973,False,https://open.spotify.com/track/3vqJY3pVELLIxqXXyI08yr,0.675,0.582,9,-8.891,1,0.0277,0.661,5.56e-06,0.0854,0.538,120.991
Abhi Mujh Mein Kahin,"Ajay-Atul, Sonu Nigam",Agneepath (Original Motion Picture Soundtrack),3EXIPmWRsSM1sXol5g4t7j,73y649QhnXdcm6fRdvfraO,60,2011-12-16,364787,False,https://open.spotify.com/track/73y649QhnXdcm6fRdvfraO,0.334,0.387,2,-9.483,1,0.0332,0.755,3.94e-05,0.113,0.42,129.959
Kabira,"Pritam, Tochi Raina, Rekha Bhardwaj",Yeh Jawaani Hai Deewani,2Lxoc72vRTGdQfMvj7Ovi1,4bD9z9qa4qg9BhryvYWB7c,69,2013-03-30,223460,False,https://open.spotify.com/track/4bD9z9qa4qg9BhryvYWB7c,0.59,0.555,2,-6.861,1,0.0271,0.481,0.0,0.192,0.191,84.027
Kal Ho Naa Ho,"Shankar-Ehsaan-Loy, Sonu Nigam",Kal Ho Naa Ho (Original Motion Picture Soundtrack),6H71erprmvRxnWs3XqC8uE,251PNRmJU9KcUnFQAB5t6I,62,2003-09-20,321240,False,https://open.spotify.com/track/251PNRmJU9KcUnFQAB5t6I,0.532,0.529,0,-8.402,1,0.0352,0.334,0.000144,0.078,0.295,81.989
"Agar Ho Tum (From ""Mr. And Mrs. Mahi"")","Tanishk Bagchi, Kausar Munir, Jubin Nautiyal","Agar Ho Tum (From ""Mr. And Mrs. Mahi"")",08PRzEfce7mwprUTvMmfh2,0a17mIL7XTvYqe9mxuPd3y,67,2024-05-20,253224,False,https://open.spotify.com/track/0a17mIL7XTvYqe9mxuPd3y,0.696,0.499,2,-10.061,1,0.0415,0.582,0.0,0.101,0.591,151.848
Phir Se Ud Chala,Mohit Chauhan,Rockstar,3RZxrS2dDZlbsYtMRM89v8,1kcV2LJxt5v0s2cEGtEJ5i,64,2011-10-01,268833,False,https://open.spotify.com/track/1kcV2LJxt5v0s2cEGtEJ5i,0.647,0.656,11,-8.632,1,0.0354,0.657,0.000163,0.343,0.453,119.965
"Soni Soni (From ""Ishq Vishk Rebound"")","Darshan Raval, Jonita Gandhi, Rochak Kohli, Gurpreet Saini","Soni Soni (From ""Ishq Vishk Rebound"")",3vBso6gFPmEwstdMXn3Ahi,36N5awamOX6XX5pQn3aFXZ,72,2024-05-24,176875,False,https://open.spotify.com/track/36N5awamOX6XX5pQn3aFXZ,0.803,0.694,8,-7.83,0,0.0527,0.551,0.000626,0.128,0.484,108.035
Bin Tere,"Vishal-Shekhar, Shafqat Amanat Ali, Sunidhi Chauhan",I Hate Luv Storys (Original Motion Picture Soundtrack),4SPHfSWibeoFCSdR4vd5QL,3bZPdEskcnMdepwCaDSJRl,59,2010-05-25,330360,False,https://open.spotify.com/track/3bZPdEskcnMdepwCaDSJRl,0.585,0.698,9,-6.261,1,0.0392,0.42,3.59e-06,0.363,0.621,139.831
Kyu The,Ayush Kaushik,Perfect Home,0rKXcPMBE99jA9AT96lHKh,1ynsHzAvuMa1gY5eBgjGZf,22,2023-10-13,193435,False,https://open.spotify.com/track/1ynsHzAvuMa1gY5eBgjGZf,0.531,0.797,6,-5.149,0,0.0408,0.436,0.0,0.58,0.367,134.042
Bhool Bhulaiyaa,"Pritam, Neeraj Shridhar",Bhool Bhulaiyaa,4BKbiFqwZBaBG6MeDdkwID,6CCV7FeYgEQ7Ekbes6B36Q,55,2007-09-05,325034,False,https://open.spotify.com/track/6CCV7FeYgEQ7Ekbes6B36Q,0.843,0.9,5,-4.602,0,0.0375,0.31,3.09e-05,0.0576,0.89,108.015
"Darkhaast (feat. Arijit Singh, Sunidhi Chauhan)","Mithoon, Arijit Singh, Sunidhi Chauhan",Shivaay,0gCcyIYaX8OK2BcKs8behf,1awtp7rf6ajhGY9BgzCHeZ,59,2016-10-07,374205,False,https://open.spotify.com/track/1awtp7rf6ajhGY9BgzCHeZ,0.523,0.557,7,-7.799,1,0.0293,0.813,0.000581,0.0958,0.196,111.766
Bulleya,"Pritam, Amit Mishra, Shilpa Rao",Ae Dil Hai Mushkil (Original Motion Picture Soundtrack) [Deluxe Edition],5xjaz957o6YGSXmlfd2tex,0Bz7dfqPY4JOGZO3O1j8Wh,63,2016-10-26,348966,False,https://open.spotify.com/track/0Bz7dfqPY4JOGZO3O1j8Wh,0.552,0.769,2,-4.504,0,0.0465,0.497,0.0,0.112,0.702,86.957
Channa Mereya,"Pritam, Arijit Singh",Ae Dil Hai Mushkil (Original Motion Picture Soundtrack) [Deluxe Edition],5xjaz957o6YGSXmlfd2tex,0H2iJVgorRR0ZFgRqGUjUM,65,2016-10-26,289333,False,https://open.spotify.com/track/0H2iJVgorRR0ZFgRqGUjUM,0.476,0.788,9,-4.821,0,0.0446,0.237,2.49e-05,0.106,0.746,90.066
Safarnama,Lucky Ali,Tamasha,2CUXo26JAWIbQx0EVMnjpA,6w458kA8WOAIZr1ublxnK9,56,2015-10-16,251402,False,https://open.spotify.com/track/6w458kA8WOAIZr1ublxnK9,0.541,0.512,9,-10.203,1,0.0291,0.74,0.000528,0.162,0.203,120.036
Arziyan,"Javed Ali, Kailash Kher",Delhi-6,2oEJvIPxiVWejbACLjq6Lh,3V80Iv04B9XAqGHbXdtRT1,51,2009-01-19,519236,False,https://open.spotify.com/track/3V80Iv04B9XAqGHbXdtRT1,0.582,0.559,9,-8.64,1,0.0479,0.297,0.0,0.135,0.656,139.891
"Haareya (From ""Meri Pyaari Bindu "")","Sachin-Jigar, Arijit Singh, Priya Saraiya",YRF Top 10 - Midnight Hour,2mgAQPRBawMyJ1N6jGWWPF,678JJ0TF3KFkzw6bIFKcew,54,2021-02-17,214736,False,https://open.spotify.com/track/678JJ0TF3KFkzw6bIFKcew,0.675,0.392,4,-10.11,0,0.037,0.773,0.0,0.109,0.533,123.923
Phir Le Aya Dil,"Pritam, Rekha Bhardwaj",Barfi! (Original Motion Picture Soundtrack),2KZs4INik6X4KeZEsEWEm4,2OvldWM8rVnp7QCn9eCrr1,51,2012-06-24,285000,False,https://open.spotify.com/track/2OvldWM8rVnp7QCn9eCrr1,0.426,0.432,0,-9.667,1,0.0353,0.844,8.79e-05,0.13,0.615,77.004
Saibo,"Sachin-Jigar, Shreya Ghoshal, Tochi Raina",Shor in the City (Original Motion Picture Soundtrack),2HZl13JCi3PIaqVlIkp4q6,6udC4b4jOSnHb9ItnXgKLR,68,2011-03-28,195253,False,https://open.spotify.com/track/6udC4b4jOSnHb9ItnXgKLR,0.619,0.429,2,-7.867,1,0.028,0.738,1.35e-05,0.136,0.545,90.058
Tum Ho,"Mohit Chauhan, Suzanne D'Mello",Rockstar,3RZxrS2dDZlbsYtMRM89v8,7uNnlVit5qDvfOje0pqICF,66,2011-10-01,316500,False,https://open.spotify.com/track/7uNnlVit5qDvfOje0pqICF,0.356,0.47,5,-8.929,1,0.0278,0.518,1e-05,0.0807,0.167,93.895
Rait Zara Si,"Arijit Singh, Shashaa Tirupati",Atrangi Re,3UkMnMdm9Jq7eXIfv0YMXm,3gOXq3FPPesm7VLPKmef6j,52,2021-12-06,291462,False,https://open.spotify.com/track/3gOXq3FPPesm7VLPKmef6j,0.563,0.495,2,-10.272,1,0.0362,0.781,0.0,0.0837,0.244,125.998
Ishq Wala Love,"Vishal-Shekhar, Salim Merchant, Neeti Mohan, Shekhar Ravjiani",Student of the Year (Original Motion Picture Soundtrack),1Q9pYTcpVfz0eJTZZczELy,1hQia6rxgfM1ly2hE3StWp,66,2012-08-31,257973,False,https://open.spotify.com/track/1hQia6rxgfM1ly2hE3StWp,0.711,0.295,0,-12.377,0,0.0334,0.534,4.51e-05,0.0782,0.694,135.041
Pani Da Rang (Male),Ayushmann Khurrana,Putumayo Presents Indian Groove,3an6ahOO77utcc9pCIl1l9,44gvSP8Kpx6P7VSRHL9dN8,0,2017-10-06,239333,False,https://open.spotify.com/track/44gvSP8Kpx6P7VSRHL9dN8,0.672,0.67,4,-7.257,0,0.0315,0.172,0.000198,0.197,0.533,98.032
"Dooriyan (From ""Love Aaj Kal"")",Mohit Chauhan,Love Aaj Kal,4u7WFjehsC5sUibLEOaqLf,4peiaLdhDgUgQ646Gpbvh3,0,2009,337360,False,https://open.spotify.com/track/4peiaLdhDgUgQ646Gpbvh3,0.517,0.716,7,-6.582,0,0.0509,0.611,0.0,0.11,0.594,122.952
Samjhawan,"Jawad Ahmad, Shaarib Toshi, Arijit Singh, Shreya Ghoshal",Samjhawan,6XgV61OBbr8gHlXdAQ89Sj,0rk2X5TAhraBC5aCIXK2Rq,63,2014-06-19,269185,False,https://open.spotify.com/track/0rk2X5TAhraBC5aCIXK2Rq,0.651,0.482,4,-8.666,1,0.0281,0.293,0.0,0.0811,0.517,106.993
Sham,"Amit Trivedi, Nikhil D'Souza, Neuman Pinto",Aisha (Original Motion Picture Soundtrack),4h2SfJt00zfnnoQSCuOmkc,5Q58RkKyUafm15Syxg79DW,55,2010-07-05,284627,False,https://open.spotify.com/track/5Q58RkKyUafm15Syxg79DW,0.722,0.288,4,-10.767,1,0.0444,0.827,1.06e-05,0.12,0.502,119.899
Tere Bina,"A.R. Rahman, Chinmayi, Murtuza Khan, Qadir Khan",Guru (Original Motion Picture Soundtrack),6kWI9GDPhMhaGNo80Q1XT5,4FeczSomVWVyU4FW7xDeAI,64,2006-09-11,309640,False,https://open.spotify.com/track/4FeczSomVWVyU4FW7xDeAI,0.744,0.7,2,-7.663,1,0.0375,0.278,0.000155,0.068,0.867,144.033
O Sanam,Lucky Ali,Sunoh,54mRGBCsNzGVGhVPenUnvt,5oYRr51VatOtkFeEOursuZ,58,1996-05-06,223028,False,https://open.spotify.com/track/5oYRr51VatOtkFeEOursuZ,0.76,0.555,7,-10.165,1,0.0465,0.409,0.213,0.0822,0.52,98.066
Dooba Dooba,Silk Route,Boondein,6xr5iebhf8ArsIzWs33OYk,61IEe4ujPKOU7OIyubydfz,50,1998-05-06,303020,False,https://open.spotify.com/track/61IEe4ujPKOU7OIyubydfz,0.716,0.562,5,-8.741,1,0.0315,0.529,0.000133,0.0928,0.533,105.004
Teri Deewani,"Kailash Kher, Paresh Kamath, Naresh Kamath",Kailasa,4RaycLPhCCJ8wglYD4cvmD,2iNqdCchlUZEgjJbQyZf8T,64,2006-02-24,323520,False,https://open.spotify.com/track/2iNqdCchlUZEgjJbQyZf8T,0.447,0.6,4,-3.718,0,0.0332,0.324,0.0,0.0962,0.434,80.044
Khaabon Ke Parinday,"Alyssa Mendonsa, Mohit Chauhan",Zindagi Na Milegi Dobara,6Baavsh6HfNka1IyvPrr24,14eotumM24MhIgzidgN3Jx,55,2011-06-06,251704,False,https://open.spotify.com/track/14eotumM24MhIgzidgN3Jx,0.517,0.565,9,-10.184,1,0.0441,0.721,0.00689,0.0997,0.69,169.952
Kabhi Kabhi Aditi,Rashid Ali,Jaane Tu... Ya Jaane Na,7J5iE51Mk97Mf0BjjwYXUZ,3APdIdF8H0jsxSuGOqXedS,67,2008-05-21,218836,False,https://open.spotify.com/track/3APdIdF8H0jsxSuGOqXedS,0.791,0.558,7,-7.155,0,0.0661,0.276,0.0,0.0859,0.872,95.077
Slow Motion Angreza,"Shankar-Ehsaan-Loy, Sukhwinder Singh, Loy Mendonsa, Shankar Mahadevan",Bhaag Milkha Bhaag (Original Motion Picture Soundtrack),3m5FIubiCHr9mH3BU7ngY4,0JX7Es2j556FwtR6YqMKzP,57,2013-06-14,260507,False,https://open.spotify.com/track/0JX7Es2j556FwtR6YqMKzP,0.802,0.763,0,-6.456,1,0.0336,0.22,0.000396,0.128,0.789,120.078
"Ajj Din Chadheya (From ""Love Aaj Kal "")",Rahat Fateh Ali Khan,Love Aaj Kal,4u7WFjehsC5sUibLEOaqLf,6lHBOxVVbjkmByOjHRC2bA,0,2009,315013,False,https://open.spotify.com/track/6lHBOxVVbjkmByOjHRC2bA,0.585,0.687,9,-4.553,1,0.0724,0.551,6.7e-06,0.121,0.815,85.871
"Chaiyya Chaiyya (From ""Dil Se"")","Sukhwinder Singh, Sapna Awasthi",Bollywood's Musical Extravaganza - Sonu Nigam & Sukhwinder Singh,5pfd8NzcyP0hwJB9aaDGRv,7ltsfuHdqTZ5LwPpDy1q0v,47,2016-07-01,416613,False,https://open.spotify.com/track/7ltsfuHdqTZ5LwPpDy1q0v,0.786,0.579,2,-14.913,1,0.142,0.186,0.0,0.118,0.481,90.012
"Agar Tum Saath Ho (From ""Tamasha"")","BollyKex, Arijit Singh, Alka Yagnik","Agar Tum Saath Ho (From ""Tamasha"")",7vYPtGAsa8frBbMI81rOKz,3iP6FDxr7k36zqSDscqZW7,0,2019-12-29,341121,False,https://open.spotify.com/track/3iP6FDxr7k36zqSDscqZW7,0.533,0.498,3,-9.126,1,0.0351,0.552,0.000409,0.191,0.427,122.869
Gal Mitthi Mitthi,"Amit Trivedi, Tochi Raina",Aisha (Original Motion Picture Soundtrack),4h2SfJt00zfnnoQSCuOmkc,4J9n7thOdqi8gxRGNyQoVC,56,2010-07-05,255907,False,https://open.spotify.com/track/4J9n7thOdqi8gxRGNyQoVC,0.906,0.699,0,-5.526,1,0.0462,0.13,0.0165,0.178,0.938,129.946
Dil Se Re,"A.R. Rahman, Anuradha, Chandralekha Annupamaa",Dil Se (Original Motion Picture Soundtrack),54NUwj7U1MOhA1ZGbnhiMz,30yySOIXHZYx94sLAySy2j,54,1998-07-08,405707,False,https://open.spotify.com/track/30yySOIXHZYx94sLAySy2j,0.844,0.442,9,-16.54,1,0.0691,0.00882,0.000498,0.0879,0.436,105.986
Tum Se Hi,"Pritam, Mohit Chauhan",Jab We Met,4OYdTHNgjhXzgVjbqsb0tO,7eQl3Yqv35ioqUfveKHitE,71,2007-09-21,321225,False,https://open.spotify.com/track/7eQl3Yqv35ioqUfveKHitE,0.609,0.538,6,-7.842,1,0.0273,0.328,0.0,0.125,0.608,130.015
In Dino,"Pritam, Soham",Life In A Metro (Original Motion Picture Soundtrack),6leYdBPs1XzfUgpc8xgeSi,6YycppSAeGtSvwmu8qCcr2,58,2007-03-17,397027,False,https://open.spotify.com/track/6YycppSAeGtSvwmu8qCcr2,0.41,0.633,0,-6.989,1,0.0378,0.513,0.0,0.116,0.344,101.461
Shukran Allah,"Salim–Sulaiman, Sonu Nigam, Shreya Ghoshal, Salim Merchant",Kurbaan (Original Motion Picture Soundtrack),7gJUjDpRvBRY5oCh4pC9d5,3nKEiJUeaWn8q2O9I1xwlB,60,2009-10-15,290053,False,https://open.spotify.com/track/3nKEiJUeaWn8q2O9I1xwlB,0.432,0.695,1,-8.022,1,0.111,0.732,0.0014,0.274,0.513,116.153
Jab Se Tere Naina,"Monty Sharma, Shaan",Saawariya (Original Motion Picture Soundtrack),4E6rpd9IcOfe6X8mErzVxf,0gRNu9dVzi5aC87AI1empZ,63,2007-09-14,284573,False,https://open.spotify.com/track/0gRNu9dVzi5aC87AI1empZ,0.599,0.653,0,-7.576,0,0.122,0.362,0.0,0.144,0.678,79.968
"Bolna (From ""Kapoor & Sons (Since 1921)"")","Tanishk Bagchi, Arijit Singh, Asees Kaur","Bolna (From ""Kapoor & Sons (Since 1921)"")",0wzJaFTmOlIGokjoNJ9loW,3GrCQPpKqKzOcKfMAoqn82,64,2016-03-04,212832,False,https://open.spotify.com/track/3GrCQPpKqKzOcKfMAoqn82,0.488,0.403,5,-7.005,1,0.0272,0.598,4.28e-06,0.434,0.497,131.489
Sajdaa,"Shankar-Ehsaan-Loy, Rahat Fateh Ali Khan, Shankar Mahadevan, Richa Sharma",My Name Is Khan (Original Motion Picture Soundtrack),3U2w8t9JJNx2SrUkdY7XRa,5upmbnXemLfPvs3d2eyHml,0,2010-01-05,365707,False,https://open.spotify.com/track/5upmbnXemLfPvs3d2eyHml,0.468,0.737,8,-7.274,1,0.0765,0.726,0.00272,0.0655,0.572,79.448
Zehnaseeb,"Vishal-Shekhar, Chinmayi, Shekhar Ravjiani",Hasee Toh Phasee (Original Motion Picture Soundtrack),3PxXJhlxSQkj8JO7IXy0FE,3xF15SqY32Mno3UUMBirhU,63,2014-01-05,217440,False,https://open.spotify.com/track/3xF15SqY32Mno3UUMBirhU,0.623,0.595,7,-6.342,1,0.0331,0.361,0.000136,0.353,0.418,78.029
"Galliyan (From ""Ek Villain"")",Ankit Tiwari,Best Of Shraddha Kapoor,6EHCTm248DJb77KFh7qfLj,517bz7zkWELmyL4eZzJ5R9,60,2017-03-03,340400,False,https://open.spotify.com/track/517bz7zkWELmyL4eZzJ5R9,0.552,0.75,10,-5.215,0,0.039,0.445,7.37e-05,0.291,0.4,89.999
Subhanallah,"Pritam, Sreeram, Shilpa Rao",Yeh Jawaani Hai Deewani,2Lxoc72vRTGdQfMvj7Ovi1,0GQngE2rOYvlKwEQjTAsP8,66,2013-03-30,249707,False,https://open.spotify.com/track/0GQngE2rOYvlKwEQjTAsP8,0.302,0.493,9,-5.038,1,0.0451,0.455,0.0,0.134,0.457,88.904
Zara Sa,"Pritam, KK",Jannat (Original Motion Picture Soundtrack),153Qw0xXJqhEFxvm9M9rE8,18YHbIhrleUkKKj2DvEp79,68,2008-03-07,303680,False,https://open.spotify.com/track/18YHbIhrleUkKKj2DvEp79,0.468,0.91,11,-3.057,0,0.051,0.12,0.000304,0.271,0.694,163.842
Kun Faya Kun,"A.R. Rahman, Javed Ali, Mohit Chauhan",Rockstar,3RZxrS2dDZlbsYtMRM89v8,7F8RNvTQlvbeBLeenycvN6,67,2011-10-01,470500,False,https://open.spotify.com/track/7F8RNvTQlvbeBLeenycvN6,0.362,0.378,1,-11.008,1,0.0329,0.679,0.0,0.091,0.575,87.549
Aaya Tere Dar Par,"Madan Mohan, Ahmed Hussain, Mohd. Hussain, Mohammed Vakil, Javed Hussain, Javed Akhtar",Veer - Zaara,690w3h4czL3x3W3zIgEcB6,7d5Sk1Omu1qfyOPnlPO9d1,45,2004-09-18,471014,False,https://open.spotify.com/track/7d5Sk1Omu1qfyOPnlPO9d1,0.37,0.909,10,-5.688,1,0.0907,0.252,0.0,0.133,0.706,117.51
Saiyyan,"Kailash Kher, Paresh Kamath, Naresh Kamath",Jhoomo Re,1DzYor2sqKFs4Z6qcUl0V5,2vR23BjIzpLMtzsyKrM6Mb,64,2011-06-03,343907,False,https://open.spotify.com/track/2vR23BjIzpLMtzsyKrM6Mb,0.473,0.562,0,-8.624,1,0.0451,0.65,0.000117,0.12,0.316,74.653
Moh Moh Ke Dhaage (Male),"Anu Malik, Papon, Varun Grover",Dum Laga Ke Haisha,31w6IUeDAItL4R2Enc2sG0,189DQylImZ1hGZaIpAQUzx,55,2015-02-09,322900,False,https://open.spotify.com/track/189DQylImZ1hGZaIpAQUzx,0.634,0.344,2,-11.011,1,0.0288,0.741,6.09e-05,0.111,0.409,128.0
"Gerua (From ""Dilwale"")","Pritam, Arijit Singh, Antara Mitra",Arijit Singh - Ultimate Love Songs,252YtNVYFu7GlS6DQ3HUZ1,2VTUr7TWzOnBig59RYdCsC,42,2016-02-05,345559,False,https://open.spotify.com/track/2VTUr7TWzOnBig59RYdCsC,0.371,0.668,11,-7.269,0,0.0497,0.636,2e-06,0.294,0.403,87.458
Ambarsariya,Sona Mohapatra,Fukrey,5PWhrKKFYTMnutQ4x5DqHd,4qRcjFkFqSpLBzcbLDt7HL,61,2013-05-14,248182,False,https://open.spotify.com/track/4qRcjFkFqSpLBzcbLDt7HL,0.649,0.458,4,-7.632,0,0.0446,0.574,0.0,0.113,0.748,180.071
Yeh Ladka Hai Allah,"Jatin-Lalit, Udit Narayan, Alka Yagnik",Kabhi Khushi Kabhie Gham (Original Motion Picture Soundtrack),5lExQTV6ELzqRgwsqahZoh,0IYpKZhCeoXB85BslBg3q5,56,2001-11-28,327227,False,https://open.spotify.com/track/0IYpKZhCeoXB85BslBg3q5,0.645,0.908,11,-4.682,0,0.0997,0.421,1.6e-06,0.381,0.877,104.233
"Jaane Kyun (From ""Dostana"")","Vishal-Shekhar, Vishal Dadlani",Best of Me Vishal Shekhar,6uxRlKbjePj7hvCiHV5y3k,4w90JoFrkoYfxe4S8DWD7T,38,2013-04-22,277987,False,https://open.spotify.com/track/4w90JoFrkoYfxe4S8DWD7T,0.778,0.812,4,-8.561,0,0.046,0.0573,8.28e-06,0.243,0.791,99.962
Love You Zindagi,"Amit Trivedi, Jasleen Royal",Dear Zindagi (Original Motion Picture Soundtrack),29njH6pDF6JE65D2VJbAxW,6k3XXCE1ZzwevQlxf8dNaw,60,2016-11-15,232505,False,https://open.spotify.com/track/6k3XXCE1ZzwevQlxf8dNaw,0.688,0.701,3,-7.505,1,0.0298,0.06,0.0301,0.271,0.385,110.019
Khuda Jaane,"Vishal-Shekhar, KK, Shilpa Rao, Anvita Dutt Guptan",Bachna Ae Haseeno,4mFLdK8SkUo3cx8ERLQC92,0gPgdRfB4jdGrlyXS0Vx78,69,2008-07-05,333182,False,https://open.spotify.com/track/0gPgdRfB4jdGrlyXS0Vx78,0.404,0.634,8,-5.979,1,0.0398,0.411,0.000526,0.106,0.702,78.508
Tujhe Bhula Diya,"Mohit Chauhan, Shekhar Ravjiani, Shruti Pathak",Anjaana Anjaani,6FC95PYKFrO8UYhjCidPZ9,4r8JqkhpTb5tzSKKHnVJIJ,64,2010-08-19,279429,False,https://open.spotify.com/track/4r8JqkhpTb5tzSKKHnVJIJ,0.644,0.423,11,-8.702,0,0.0324,0.464,0.0,0.11,0.509,131.903
Tere Naina,"Shankar-Ehsaan-Loy, Shafqat Amanat Ali",My Name Is Khan (Original Motion Picture Soundtrack),3U2w8t9JJNx2SrUkdY7XRa,1AXQ4ZCUueIfGGEYAdq9Pe,0,2010-01-05,278547,False,https://open.spotify.com/track/1AXQ4ZCUueIfGGEYAdq9Pe,0.522,0.74,0,-7.018,1,0.0465,0.558,0.0,0.144,0.732,92.618
"Khabar Nahi (From ""Dostana"")","Vishal-Shekhar, Shreya Ghoshal, Amanat Ali, Vishal Dadlani, Raja Hasan",Best of Me Vishal Shekhar,6uxRlKbjePj7hvCiHV5y3k,0PkPrsnbiM1MQhp91IWaMb,36,2013-04-22,259120,False,https://open.spotify.com/track/0PkPrsnbiM1MQhp91IWaMb,0.622,0.758,7,-6.641,1,0.11,0.153,0.0,0.0622,0.436,90.951
Zara Zara,Bombay Jayashri,Rehnaa Hai Terre Dil Mein,5ph1TRxWmRArcbbbvfNbXf,4Q7Q9bmbY5Lo7YamHngO4O,55,2001-10-19,298266,False,https://open.spotify.com/track/4Q7Q9bmbY5Lo7YamHngO4O,0.643,0.268,11,-15.073,0,0.09,0.593,2.06e-06,0.316,0.62,143.813
Enna Sona,"A.R. Rahman, Arijit Singh",OK Jaanu (Original Motion Picture Soundtrack),3Ha8CM9px7D2fn25K4ijl6,6bdpj89aYEBjhpsenXAsmO,64,2017-01-04,213632,False,https://open.spotify.com/track/6bdpj89aYEBjhpsenXAsmO,0.717,0.415,7,-9.875,0,0.0302,0.637,1.43e-06,0.0976,0.379,100.021
Chand Sifarish,"Jatin-Lalit, Shaan, Kailash Kher, Prasoon Joshi",Fanaa,2L3NV5Fxjrj6mi59Gs5tUx,5EYZZvmNAH5VZCwuzYJqoA,65,2006-04-12,275931,False,https://open.spotify.com/track/5EYZZvmNAH5VZCwuzYJqoA,0.829,0.665,2,-8.128,1,0.0868,0.242,1.75e-05,0.123,0.861,122.043
Aas Paas Khuda,Rahat Fateh Ali Khan,Anjaana Anjaani,6FC95PYKFrO8UYhjCidPZ9,3kuxr8U3QynLzyW82p5hYR,56,2010-08-19,319116,False,https://open.spotify.com/track/3kuxr8U3QynLzyW82p5hYR,0.556,0.706,5,-5.709,1,0.0336,0.335,1.8e-06,0.137,0.726,80.008
Dil Diyan Gallan,"Vishal-Shekhar, Atif Aslam, Irshad Kamil",Tiger Zinda Hai,2q00VQKBQu6ZUesFREPFWc,5MnAi6ZF7cE8pAz7wYr9Ta,63,2017-12-12,260537,False,https://open.spotify.com/track/5MnAi6ZF7cE8pAz7wYr9Ta,0.716,0.64,2,-8.726,1,0.025,0.565,0.00139,0.127,0.485,105.012
Kyon,"Pritam, Papon, Sunidhi Chauhan",Barfi! (Original Motion Picture Soundtrack),2KZs4INik6X4KeZEsEWEm4,1sYC1fG7s4p0pTykrJqmgW,56,2012-06-24,266053,False,https://open.spotify.com/track/1sYC1fG7s4p0pTykrJqmgW,0.726,0.664,2,-6.674,1,0.0331,0.636,0.0,0.0964,0.831,121.922
Luka Chuppi,"A.R. Rahman, Lata Mangeshkar",Rang De Basanti (Original Motion Picture Soundtrack),0NKNDn80mhKn4Xi6nHrsqQ,500H9ENeR5AYbKU1ScK6ME,60,2005-12-04,396507,False,https://open.spotify.com/track/500H9ENeR5AYbKU1ScK6ME,0.601,0.441,4,-8.946,1,0.0285,0.645,1.08e-06,0.0986,0.202,103.862
Mera Mann Kehne Laga,Falak Shabbir,Latest Songs Of Ayushmann Khurrana,4cUIDQhSsQnkCLb3JIepxp,1ai3itvPFcWilE9NX0JTCf,55,2017-09-12,227335,False,https://open.spotify.com/track/1ai3itvPFcWilE9NX0JTCf,0.46,0.444,7,-6.217,1,0.123,0.714,2.65e-05,0.0881,0.7,74.977
Uff Teri Adaa,"Shankar Mahadevan, Alyssa Mendonsa",Karthik Calling Karthik,13aLziSCr93ULLwPE2JURA,0og9wKFGgFFNQnrBe7eisG,63,2010-01-18,304089,False,https://open.spotify.com/track/0og9wKFGgFFNQnrBe7eisG,0.647,0.792,2,-9.815,1,0.0373,0.00536,5.82e-05,0.054,0.306,132.032
Dil Dhadakne Do,"Joi Barua, Suraj Jagan",Zindagi Na Milegi Dobara,6Baavsh6HfNka1IyvPrr24,46elU7IBKWf55D5sjHGqO7,55,2011-06-06,230319,False,https://open.spotify.com/track/46elU7IBKWf55D5sjHGqO7,0.778,0.599,2,-4.758,1,0.032,0.0705,0.0,0.59,0.949,116.951
Socha Hai,Farhan Akhtar,Rock On,43Fh1hMumKDCcax2JOWEmR,7IjnfuMNfdrAXbefurdIIR,47,2010-02-16,246132,False,https://open.spotify.com/track/7IjnfuMNfdrAXbefurdIIR,0.593,0.773,2,-5.591,1,0.0339,0.722,0.0,0.117,0.561,133.975
"Guzarish (From ""Ghajini"")",Javed Ali,Ar Rahman Musique,2MmZFEUgrP9QgMmKzmXHa5,39bHz64P8EIGXnoPfpYnUE,42,2019-03-12,327030,False,https://open.spotify.com/track/39bHz64P8EIGXnoPfpYnUE,0.595,0.624,9,-10.943,0,0.0603,0.0925,0.0,0.114,0.647,170.001
Bahara,"Vishal-Shekhar, Shreya Ghoshal, Sona Mohapatra",I Hate Luv Storys (Original Motion Picture Soundtrack),4SPHfSWibeoFCSdR4vd5QL,1gwO79MdYdumgIjxq8eCxB,61,2010-05-25,325707,False,https://open.spotify.com/track/1gwO79MdYdumgIjxq8eCxB,0.595,0.739,5,-6.733,1,0.0359,0.0716,6.98e-06,0.134,0.722,87.834
Ajab Si,KK,Om Shanti Om,2cUzlmLfL5LUTSEk7qG09k,5FXMRdJjKq1BIX4e8Eg9mK,63,2007-09-18,241668,False,https://open.spotify.com/track/5FXMRdJjKq1BIX4e8Eg9mK,0.697,0.438,8,-8.411,1,0.0289,0.397,0.0,0.293,0.58,117.954
Tujh Mein Rab Dikhta Hai,"Salim–Sulaiman, Roop Kumar Rathod, Jaideep Sahni",Rab Ne Bana Di Jodi,7pbKuvQHUTwbq4FbevvEca,2LcXJP95e4HKydTZ2mYfrx,66,2008-11-06,281574,False,https://open.spotify.com/track/2LcXJP95e4HKydTZ2mYfrx,0.56,0.604,8,-8.732,1,0.0866,0.315,1.12e-06,0.176,0.75,84.784
Dil Chahta Hai,Shankar Mahadevan,Dil Chahta Hai,3Hks2UVvtQT8Q9VHRAJUgI,2r1CHpKRDdzHGJScn5UqjX,51,2001-06-22,310080,False,https://open.spotify.com/track/2r1CHpKRDdzHGJScn5UqjX,0.813,0.554,10,-9.105,1,0.04,0.0906,1.23e-06,0.0629,0.782,103.953
Kaise Mujhe,"Benny Dayal, Shreya Ghoshal",Love Dose: Benny Dayal,5k8uGLlw8HrViKOUB578rH,5dJ02bXM7hZYWFO2YMWHKs,41,2017-12-05,343742,False,https://open.spotify.com/track/5dJ02bXM7hZYWFO2YMWHKs,0.59,0.414,10,-12.391,1,0.0346,0.781,0.000522,0.146,0.292,82.002
"Bekhayali (From ""Kabir Singh"")","Sachet Tandon, Sachet-Parampara","Bekhayali (From ""Kabir Singh"")",5m5aIc0rrrPUMDARDnQzB9,1feANd8EfcDP5UqSvbheM3,66,2019-05-24,371791,False,https://open.spotify.com/track/1feANd8EfcDP5UqSvbheM3,0.308,0.585,9,-5.18,0,0.0428,0.45,0.0,0.319,0.345,171.843
Main Rahoon Ya Na Rahoon,"Amaal Mallik, Armaan Malik, Rashmi Virag",Main Rahoon Ya Na Rahoon,2hlpZpzFRp0SxM8Fk50dsp,6f3ANRNQ8nCiPZ6VqXqq93,66,2015-11-24,309458,False,https://open.spotify.com/track/6f3ANRNQ8nCiPZ6VqXqq93,0.55,0.488,6,-8.059,1,0.0284,0.718,0.000118,0.126,0.301,136.025
Pee Loon,"Pritam, Mohit Chauhan",Once Upon A Time In Mumbaai,4ceWEQarPyTyeb9TUeyLOG,52itZ0w0CydihB2JCZEIft,66,2010-06-29,285687,False,https://open.spotify.com/track/52itZ0w0CydihB2JCZEIft,0.656,0.721,8,-5.064,1,0.0364,0.277,0.000139,0.188,0.883,83.95
"Ilahi (From ""Yeh Jawaani Hai Deewani"")",Arijit Singh,Groove With Arijit Singh,7kSY0fqrPep5vcwOb1juye,0VxgNsSywsjapKGXvzj8RH,43,2019-05-22,228982,False,https://open.spotify.com/track/0VxgNsSywsjapKGXvzj8RH,0.594,0.967,9,-5.767,1,0.0857,0.166,2.54e-05,0.105,0.452,132.009
Maahi Ve,A.R. Rahman,Highway,4MRvvPTLIVBHVEMfVC20jI,1sbW5E7w8tnqpYk0Frx8QG,62,2014-01-22,240784,False,https://open.spotify.com/track/1sbW5E7w8tnqpYk0Frx8QG,0.604,0.72,5,-7.276,1,0.0603,0.571,1.18e-05,0.12,0.528,130.995
Woh Ladki Hai Kahan,"Shaan, Kavita Krishnamurthy",Dil Chahta Hai,3Hks2UVvtQT8Q9VHRAJUgI,2tO0QPdCA0jgDBshTuYYkc,59,2001-06-22,306133,False,https://open.spotify.com/track/2tO0QPdCA0jgDBshTuYYkc,0.786,0.677,8,-8.624,1,0.183,0.172,0.000104,0.0446,0.858,94.985
"Raabta (From ""Agent Vinod"")",Arijit Singh,Arijit Singh Broken Strings,6jk3ucx33D7CLURgcfVFOT,6tzckBcK66LzeSA1Opnv35,35,2019-04-24,243578,False,https://open.spotify.com/track/6tzckBcK66LzeSA1Opnv35,0.657,0.581,0,-8.108,1,0.0298,0.7,1.75e-05,0.116,0.32,118.038
Nazrein Milaana Nazrein Churaana,"Benny Dayal, Satish Chakravarthy, Sayonara, Darshana, Svetha, Bhargavi Pillai, Chandralekha Annupamaa",Love Dose: Benny Dayal,5k8uGLlw8HrViKOUB578rH,6vGS2j6ou5AWu7wJYMQwuM,35,2017-12-05,234858,False,https://open.spotify.com/track/6vGS2j6ou5AWu7wJYMQwuM,0.751,0.54,9,-7.942,1,0.0753,0.103,0.000224,0.102,0.9,110.015
Aaoge Jab Tum,Rashid Khan,Jab We Met,4OYdTHNgjhXzgVjbqsb0tO,3fWMFwaJil8fD14JCgwbcL,59,2007-09-21,355066,False,https://open.spotify.com/track/3fWMFwaJil8fD14JCgwbcL,0.645,0.459,6,-9.484,1,0.0296,0.185,0.0,0.132,0.379,119.987
"Saadi Galli Aaja (From ""Nautanki Saala !"")","Ayushmann Khurrana, Neeti Mohan",Guitar Cafe - Ayushmann Khurrana,5rjryIzCnrQmRXUVvQkVAq,6nY1ltTC3zjULeJgUYjywE,36,2019-06-04,253417,False,https://open.spotify.com/track/6nY1ltTC3zjULeJgUYjywE,0.739,0.836,2,-5.155,1,0.0325,0.195,3.64e-06,0.197,0.677,109.011
Hawayein,"Pritam, Arijit Singh",Jab Harry Met Sejal (Original Motion Picture Soundtrack),4I39l0YJ7tmSBXZGZamN5E,0l6g8Z8mqGbGXFOjigYetD,67,2017-08-03,289999,False,https://open.spotify.com/track/0l6g8Z8mqGbGXFOjigYetD,0.606,0.601,2,-5.576,1,0.0283,0.796,0.000511,0.127,0.453,125.961
Aao Milo Chalo,"Pritam, Shaan, Sultan Khan",Jab We Met,4OYdTHNgjhXzgVjbqsb0tO,6ocOeSjnWPcSTaSsi0zIdY,59,2007-09-21,325934,False,https://open.spotify.com/track/6ocOeSjnWPcSTaSsi0zIdY,0.504,0.787,7,-5.948,0,0.0605,0.412,0.0,0.323,0.49,114.772
"Humsafar (From ""Badrinath Ki Dulhania"")","Akhil Sachdeva, Mansheel Gujral",Best Of Akhil Sachdeva,1kjmB9cfxSjPJFfqwZ9eHN,7aE1lfskJLMHQnzCCP1zsV,61,2019-09-03,268463,False,https://open.spotify.com/track/7aE1lfskJLMHQnzCCP1zsV,0.319,0.552,7,-6.401,1,0.0307,0.719,0.0,0.144,0.221,93.991
"Main Agar Kahoon (From ""Om Shanti Om"")","Sonu Nigam, Shreya Ghoshal",Love Anthems - Sonu Nigam,4a00t2HalMEOatPmcum1Cy,2ohD6y7hYc9abHOkOw7m4G,0,2019-06-18,308158,False,https://open.spotify.com/track/2ohD6y7hYc9abHOkOw7m4G,0.534,0.437,5,-7.521,0,0.0276,0.234,3.02e-06,0.46,0.369,146.867
Sawaar Loon,Monali Thakur,Lootera,3VrQeNAFHS4Vjl4uspl1s3,29YePgOxuPLfU7uZKxKf6w,62,2013-05-29,254700,False,https://open.spotify.com/track/29YePgOxuPLfU7uZKxKf6w,0.82,0.645,5,-6.873,1,0.0433,0.497,6.89e-05,0.118,0.789,111.935
"Yun Hi Chala Chal (From ""Swades"")","Udit Narayan, Hariharan, Kailash Kher",Best Of Kailash Kher,3Z1xYUAJeDYYUDZ3WYtKxn,2Q4PfYBPwVBONmzqrtBHFr,46,2017-07-06,446987,False,https://open.spotify.com/track/2Q4PfYBPwVBONmzqrtBHFr,0.822,0.687,9,-8.167,1,0.0421,0.0593,0.0,0.0609,0.816,106.47
Naina,"Sona Mohapatra, Armaan Malik",Khoobsurat,66PqhjAV83M26X8mJ8nqDO,3SHopOL3KEJ8PFl3vJdfmF,58,2014-08-12,225569,False,https://open.spotify.com/track/3SHopOL3KEJ8PFl3vJdfmF,0.495,0.556,3,-7.49,1,0.041,0.638,0.0,0.123,0.366,159.996
Masakali,Mohit Chauhan,Delhi-6,2oEJvIPxiVWejbACLjq6Lh,5iyNH1Dmxif1k4Nl1gMeuh,60,2009-01-19,288647,False,https://open.spotify.com/track/5iyNH1Dmxif1k4Nl1gMeuh,0.678,0.622,5,-7.988,0,0.0695,0.138,2.32e-06,0.122,0.535,100.005
Mere Bina,"Pritam, Nikhil D'Souza",Crook (Original Motion Picture Soundtrack),298NO23hfv1nhAE0gQ5vLN,4rSmmC6OYmjVOYxr8ruVWN,62,2010-09-03,289560,False,https://open.spotify.com/track/4rSmmC6OYmjVOYxr8ruVWN,0.511,0.767,2,-5.699,1,0.0524,0.651,0.0,0.153,0.463,79.923
"Tujhe Kitna Chahne Lage (From ""Kabir Singh"")","Arijit Singh, Mithoon","Tujhe Kitna Chahne Lage (From ""Kabir Singh"")",3I8PdIhk6pNm8Kv0HiF14V,2Fv2injs4qAm8mJBGaxVKU,70,2019-05-31,284780,False,https://open.spotify.com/track/2Fv2injs4qAm8mJBGaxVKU,0.427,0.396,11,-7.556,1,0.0366,0.736,0.0,0.11,0.306,70.368
O Saathi,"Atif Aslam, Arko","O Saathi (From ""Baaghi 2"")",23L9JSXD0RrynRb71ZfL9A,6fScgF2Y63ScU73nYju0ny,69,2018-03-09,251819,False,https://open.spotify.com/track/6fScgF2Y63ScU73nYju0ny,0.481,0.496,8,-7.421,1,0.0262,0.588,0.0,0.132,0.453,89.839
"Dekhte Dekhte (From ""Batti Gul Meter Chalu"")","Atif Aslam, Nusrat Fateh Ali Khan, Rochak Kohli","Dekhte Dekhte (From ""Batti Gul Meter Chalu"")",6eFOXF6NXL3CmskjDf8LCF,0Iz4CkptElGHo16r797Jsb,44,2018-08-21,256271,False,https://open.spotify.com/track/0Iz4CkptElGHo16r797Jsb,0.799,0.828,9,-4.846,0,0.0782,0.424,0.0,0.145,0.627,105.04
Naina,Arijit Singh,Dangal,4o2OW9vdqCg3uZ1JgEFvEa,3kN1OPVSLEK0vBFEOaLZsA,0,2016-12-14,225750,False,https://open.spotify.com/track/3kN1OPVSLEK0vBFEOaLZsA,0.501,0.445,6,-8.432,1,0.0337,0.772,0.0,0.117,0.388,80.086
Soch Na Sake,"Amaal Mallik, Arijit Singh, Tulsi Kumar",Airlift,1IwC3SdQXPgXSs8FLvOUju,6mTvwBzWTGDOVeCNQEqtOE,69,2015-12-17,281323,False,https://open.spotify.com/track/6mTvwBzWTGDOVeCNQEqtOE,0.505,0.667,9,-5.797,1,0.0323,0.597,0.0,0.213,0.516,151.728
"Tujhe Kitna Chahne Lage (From ""Kabir Singh"")","Arijit Singh, Mithoon","Tujhe Kitna Chahne Lage (From ""Kabir Singh"")",3I8PdIhk6pNm8Kv0HiF14V,2Fv2injs4qAm8mJBGaxVKU,70,2019-05-31,284780,False,https://open.spotify.com/track/2Fv2injs4qAm8mJBGaxVKU,0.427,0.396,11,-7.556,1,0.0366,0.736,0.0,0.11,0.306,70.368
Pee Loon,"Pritam, Mohit Chauhan",Once Upon A Time In Mumbaai,4ceWEQarPyTyeb9TUeyLOG,52itZ0w0CydihB2JCZEIft,66,2010-06-29,285687,False,https://open.spotify.com/track/52itZ0w0CydihB2JCZEIft,0.656,0.721,8,-5.064,1,0.0364,0.277,0.000139,0.188,0.883,83.95
"Tum Hi Aana (From ""Marjaavaan"")","Payal Dev, Jubin Nautiyal, Kunaal Vermaa","Tum Hi Aana (From ""Marjaavaan"")",4T4pSf21EvGk9vFqMomFUs,6E9UwSfT80age2xknoMS7Y,64,2019-10-03,249127,False,https://open.spotify.com/track/6E9UwSfT80age2xknoMS7Y,0.473,0.401,4,-7.018,0,0.0241,0.629,1.17e-05,0.154,0.345,90.076
Uff Teri Adaa,"Shankar Mahadevan, Alyssa Mendonsa",Karthik Calling Karthik,13aLziSCr93ULLwPE2JURA,0og9wKFGgFFNQnrBe7eisG,63,2010-01-18,304089,False,https://open.spotify.com/track/0og9wKFGgFFNQnrBe7eisG,0.647,0.792,2,-9.815,1,0.0373,0.00536,5.82e-05,0.054,0.306,132.032
"Humraah (From ""Malang - Unleash The Madness"")","Sachet Tandon, Kunaal Vermaa, The Fusion Project","Humraah (From ""Malang - Unleash The Madness"")",1R72FwrqoofsuAM2xil26G,4xmkpE1Si5JL7NFxWrhV0S,62,2020-01-23,299822,False,https://open.spotify.com/track/4xmkpE1Si5JL7NFxWrhV0S,0.468,0.854,11,-3.932,0,0.059,0.176,0.0,0.126,0.277,155.867
Teri Aankhon Mein,"Darshan Raval, Neha Kakkar, Manan Bhardwaj",Teri Aankhon Mein,77dwEKk1JI2JN9L5tg8d7t,3wmI2n0Whs6kg4MT8jFRU1,56,2020-10-07,261758,False,https://open.spotify.com/track/3wmI2n0Whs6kg4MT8jFRU1,0.517,0.623,4,-6.812,1,0.0884,0.419,0.0,0.146,0.456,160.085
Raabta,"Pritam, Arijit Singh",Agent Vinod,2DqQ34i4uuuZWTScsGIgHr,6FjbAnaPRPwiP3sciEYctO,67,2012-02-24,243578,False,https://open.spotify.com/track/6FjbAnaPRPwiP3sciEYctO,0.657,0.581,0,-8.108,1,0.0298,0.699,1.82e-05,0.116,0.323,118.037
"Thodi Jagah (From ""Marjaavaan"")","Arijit Singh, Tanishk Bagchi","Thodi Jagah (From ""Marjaavaan"")",4DZ2mXEtUDsltgPqGwnRDd,3f0wz6zcA7XkQiGm0qNF5r,67,2019-10-18,218048,False,https://open.spotify.com/track/3f0wz6zcA7XkQiGm0qNF5r,0.621,0.467,0,-4.835,0,0.0273,0.632,0.0,0.0888,0.227,107.164
Lut Gaye,"Jubin Nautiyal, Tanishk Bagchi, Manoj Muntashir, Nusrat Fateh Ali Khan",Lut Gaye,2IgqTqUjGQsmahYITOCdBX,2ufLEVbzvEcJ3subW8jBUp,57,2021-02-17,228031,False,https://open.spotify.com/track/2ufLEVbzvEcJ3subW8jBUp,0.638,0.785,10,-2.612,1,0.044,0.185,0.0,0.245,0.515,91.101
"Bekhayali (From ""Kabir Singh"")","Sachet Tandon, Sachet-Parampara","Bekhayali (From ""Kabir Singh"")",5m5aIc0rrrPUMDARDnQzB9,1feANd8EfcDP5UqSvbheM3,66,2019-05-24,371791,False,https://open.spotify.com/track/1feANd8EfcDP5UqSvbheM3,0.308,0.585,9,-5.18,0,0.0428,0.45,0.0,0.319,0.345,171.843
Agar Tum Saath Ho,"Alka Yagnik, Arijit Singh",Tamasha,2CUXo26JAWIbQx0EVMnjpA,3hkC9EHFZNQPXrtl8WPHnX,67,2015-10-16,341055,False,https://open.spotify.com/track/3hkC9EHFZNQPXrtl8WPHnX,0.562,0.519,3,-8.744,1,0.0326,0.557,0.000268,0.172,0.415,122.925
Tera Yaar Hoon Main,"Rochak Kohli, Arijit Singh",Sonu Ke Titu Ki Sweety,0CfAXmULqKq6KVJMsLGGAX,4ZTx87kAgEwlPMzoojFZWg,62,2018-02-14,264806,False,https://open.spotify.com/track/4ZTx87kAgEwlPMzoojFZWg,0.559,0.541,10,-5.525,1,0.0313,0.34,4.66e-06,0.102,0.309,83.978
Humdard,Arijit Singh,Ek Villain,3EkmvTqyKrnMw1WiVpsSwF,1OEmd2iXU8pWG7CrKNpGUg,64,2014-05-28,260590,False,https://open.spotify.com/track/1OEmd2iXU8pWG7CrKNpGUg,0.572,0.541,5,-6.45,1,0.0245,0.759,0.0,0.111,0.266,87.01
Mast Magan,"Arijit Singh, Chinmayi",2 States,4PmYasI57t8uJJAOt0zKud,3uL1IBFhg52VcQqOwAG01E,64,2014-03-14,280161,False,https://open.spotify.com/track/3uL1IBFhg52VcQqOwAG01E,0.659,0.774,7,-7.014,1,0.0372,0.606,0.000333,0.185,0.883,82.995
Kabhi Jo Baadal Barse,Arijit Singh,Jackpot,7ItSsWDIPTiCEdSPu1TMct,3MVPReTwLNOBFb6KjiIRNM,57,2013-10-29,254300,False,https://open.spotify.com/track/3MVPReTwLNOBFb6KjiIRNM,0.451,0.449,0,-6.702,0,0.0293,0.261,0.0,0.143,0.217,149.768
Ik Vaari Aa,"Pritam, Arijit Singh",Raabta,05U9YwErzcnF0PmyPalDo5,7fyiYhn7STpHvT5g0lbncC,62,2017-06-03,274687,False,https://open.spotify.com/track/7fyiYhn7STpHvT5g0lbncC,0.512,0.752,4,-4.857,0,0.0534,0.305,0.0,0.708,0.428,127.965
Dilliwaali Girlfriend,"Pritam, Arijit Singh, Sunidhi Chauhan",Yeh Jawaani Hai Deewani,2Lxoc72vRTGdQfMvj7Ovi1,3W1XPf7mvuQcWQB7U7MbTM,60,2013-03-30,260552,False,https://open.spotify.com/track/3W1XPf7mvuQcWQB7U7MbTM,0.687,0.941,6,-5.23,0,0.0583,0.0811,2.93e-06,0.0697,0.909,138.048
"Pachtaoge (From ""Jaani Ve"")","Arijit Singh, B Praak, Jaani","Pachtaoge (From ""Jaani Ve"")",3Ptq3ARmJ8iTLBb7M7Bho0,5QVHNa0ppJUOoqSd36ovQS,59,2019-08-23,226789,False,https://open.spotify.com/track/5QVHNa0ppJUOoqSd36ovQS,0.515,0.691,5,-4.028,0,0.0344,0.624,0.0,0.121,0.484,169.521
Vaaste,"Dhvani Bhanushali, Nikhil D'Souza, Tanishk Bagchi",Vaaste,7b0RW9Inq2jLmTGonmqv11,0mJTAdmY8olbGQjopDYff3,61,2019-04-06,196044,False,https://open.spotify.com/track/0mJTAdmY8olbGQjopDYff3,0.444,0.479,5,-5.586,1,0.0436,0.454,0.0,0.095,0.315,89.892
Khairiyat,"Pritam, Arijit Singh",Chhichhore,2Svje8vKEM4VCKxoRyAvA4,5O932cZmzOZGOGZz9RHx20,68,2019-08-31,280282,False,https://open.spotify.com/track/5O932cZmzOZGOGZz9RHx20,0.534,0.481,0,-9.016,0,0.0412,0.697,0.0,0.142,0.293,124.914
"Tu Hi Meri Shab Hai, Pt. 1",KK,Gangster (Original Motion Picture Soundtrack),58KM0sPteBvwVW6skGRHFh,1pNIbZ1F7CJmk60h6UJaVg,18,2006-12-01,389693,False,https://open.spotify.com/track/1pNIbZ1F7CJmk60h6UJaVg,0.571,0.734,9,-6.059,0,0.0402,0.463,0.000691,0.128,0.552,118.881
"Darkhaast (feat. Arijit Singh, Sunidhi Chauhan)","Mithoon, Arijit Singh, Sunidhi Chauhan",Shivaay,0gCcyIYaX8OK2BcKs8behf,1awtp7rf6ajhGY9BgzCHeZ,59,2016-10-07,374205,False,https://open.spotify.com/track/1awtp7rf6ajhGY9BgzCHeZ,0.523,0.557,7,-7.799,1,0.0293,0.813,0.000581,0.0958,0.196,111.766
Lo Maan Liya,Arijit Singh,Raaz Reboot,3I2A5pZmsWxTZqGpGnxdAf,2wJ9d1Gfj8OqcznPAroqvh,59,2016-08-19,300274,False,https://open.spotify.com/track/2wJ9d1Gfj8OqcznPAroqvh,0.568,0.55,11,-6.172,0,0.0262,0.728,3.62e-05,0.251,0.436,110.079
Tum Se Hi,"Pritam, Mohit Chauhan",Jab We Met,4OYdTHNgjhXzgVjbqsb0tO,7eQl3Yqv35ioqUfveKHitE,71,2007-09-21,321225,False,https://open.spotify.com/track/7eQl3Yqv35ioqUfveKHitE,0.609,0.538,6,-7.842,1,0.0273,0.328,0.0,0.125,0.608,130.015
Kabhi Jo Badal Barse Unplugged,"Arijit Singh, Samira Koppikar, Shaarib Toshi, Dj Chetas",Kabhi Jo Badal Barse Unplugged,42UAHCRmWqiroR6cJvKddK,0tfRvbKwbTTaAoM7mYEKfA,24,2015-05-20,195442,False,https://open.spotify.com/track/0tfRvbKwbTTaAoM7mYEKfA,0.476,0.541,2,-5.309,0,0.0295,0.524,0.0,0.124,0.328,149.72
Kya Karoon?,"Shankar-Ehsaan-Loy, Clinton Cerejo, Dominique Cerejo, Loy Mendonsa",Wake Up Sid (Original Motion Picture Soundtrack),1fzE65RP7Gyhi8hdOv8eRQ,4Yp8zw7b35bheMVTp39o5O,50,2009-08-21,236160,False,https://open.spotify.com/track/4Yp8zw7b35bheMVTp39o5O,0.594,0.548,9,-7.588,0,0.0267,0.611,0.00146,0.117,0.374,98.014
Love You Zindagi,"Amit Trivedi, Jasleen Royal",Dear Zindagi (Original Motion Picture Soundtrack),29njH6pDF6JE65D2VJbAxW,6k3XXCE1ZzwevQlxf8dNaw,60,2016-11-15,232505,False,https://open.spotify.com/track/6k3XXCE1ZzwevQlxf8dNaw,0.688,0.701,3,-7.505,1,0.0298,0.06,0.0301,0.271,0.385,110.019
"Samjhawan (Unplugged by Alia Bhatt) [From ""Humpty Sharma Ki Dulhania""]","Jawad Ahmad, Shaarib Toshi, Alia Bhatt","Samjhawan (Unplugged by Alia Bhatt) [From ""Humpty Sharma Ki Dulhania""]",21bDtSHJ5mVCeNBpIRsToX,3TrdGeV5bEpHezExHlsguD,51,2014-06-19,215611,False,https://open.spotify.com/track/3TrdGeV5bEpHezExHlsguD,0.643,0.256,10,-9.758,1,0.0252,0.729,1.02e-06,0.0994,0.444,94.999
Tu Hi Hai,"Amit Trivedi, Arijit Singh",Dear Zindagi (Original Motion Picture Soundtrack),29njH6pDF6JE65D2VJbAxW,5b9x5sRIzAgXQw0dhGORO1,57,2016-11-15,199644,False,https://open.spotify.com/track/5b9x5sRIzAgXQw0dhGORO1,0.707,0.501,4,-7.389,1,0.0372,0.387,1.81e-06,0.095,0.542,93.978
Manja,Amit Trivedi,Celebrate Kai Po Che (Original Motion Picture Soundtrack),5p9bW4b2ErADux0c0BOMDs,6X4uyM93rEjUIlGCQ7jZRh,44,2013-07-10,216760,False,https://open.spotify.com/track/6X4uyM93rEjUIlGCQ7jZRh,0.774,0.472,2,-7.586,1,0.0276,0.559,0.00282,0.207,0.529,106.026
"Bolna (From ""Kapoor & Sons (Since 1921)"")","Tanishk Bagchi, Arijit Singh, Asees Kaur",Award Winners 2016 Bollywood,31IhC0vc5vuC7h98RNK08G,5otvrC0X1OQKqDBRwpTcn7,16,2017-03-10,212832,False,https://open.spotify.com/track/5otvrC0X1OQKqDBRwpTcn7,0.488,0.403,5,-7.004,1,0.0272,0.598,4.26e-06,0.434,0.495,131.496
"Bulleya (From ""Ae Dil Hai Mushkil"")","Pritam, Amit Mishra, Shilpa Rao",Award Winners 2016 Bollywood,31IhC0vc5vuC7h98RNK08G,5phu2JBv3yZUbmft7kWwVX,17,2017-03-10,348966,False,https://open.spotify.com/track/5phu2JBv3yZUbmft7kWwVX,0.552,0.769,2,-4.504,0,0.0465,0.497,0.0,0.112,0.702,86.957
"Kar Gayi Chull (From ""Kapoor & Sons (Since 1921)"")","Badshah, Amaal Mallik, Fazilpuria, Sukriti Kakar, Neha Kakkar",Award Winners 2016 Bollywood,31IhC0vc5vuC7h98RNK08G,45I3yKpyyIK8Lg873ENM9h,16,2017-03-10,187711,False,https://open.spotify.com/track/45I3yKpyyIK8Lg873ENM9h,0.827,0.737,11,-5.473,0,0.0764,0.0316,0.000322,0.211,0.873,121.99
"Samjhawan (From ""Humpty Sharma Ki Dulhania"")","Jawad Ahmad, Shaarib Toshi, Arijit Singh, Shreya Ghoshal",Yours Truly Arijit,3tzrtZvTODgW7tDew5E7nb,1I0kolhBfYfVRjwRKU6k3B,38,2016-12-09,269185,False,https://open.spotify.com/track/1I0kolhBfYfVRjwRKU6k3B,0.65,0.482,4,-8.667,1,0.0281,0.293,0.0,0.0811,0.517,106.994
"Muskurane (From ""Citylights"") - Romantic","Jeet Gannguli, Arijit Singh",Yours Truly Arijit,3tzrtZvTODgW7tDew5E7nb,7HqKQ28B7kaTY7pMyQ2OTy,27,2016-12-09,334331,False,https://open.spotify.com/track/7HqKQ28B7kaTY7pMyQ2OTy,0.567,0.577,11,-6.197,0,0.0264,0.628,0.0,0.132,0.217,101.99
Tumhi Dekho Naa,"Shankar-Ehsaan-Loy, Sonu Nigam, Alka Yagnik",The Essential Bollywood Lounge,7GmtSBYeABtmp5F5IhuFfq,0DpvSC1ptABSLwCupNDKVd,15,2010-11-08,346880,False,https://open.spotify.com/track/0DpvSC1ptABSLwCupNDKVd,0.539,0.441,2,-10.422,0,0.0394,0.509,1.57e-05,0.113,0.372,81.067
Ek Pal Ka Jeena,Lucky Ali,Kaho Naa Pyaar Hai (Original Motion Picture Soundtrack),31H6E9Jdnx78N2Qkd4LId1,1peYY3ORe8m8dCiAk00Z3B,0,1999-12-01,397427,False,https://open.spotify.com/track/1peYY3ORe8m8dCiAk00Z3B,0.676,0.798,6,-9.493,0,0.0475,0.0503,3.96e-05,0.0371,0.833,103.98
"Beedi (From ""Omkara"")","Sunidhi Chauhan, Sukhwinder Singh, Nachiketa Chakravorty, Clinton Cerejo",Hits of Saif,6vlSJXSNKktM81QgS16R9v,0EU3vVR5GhdwdjtVSsN9F6,0,2014-11-25,350160,False,https://open.spotify.com/track/0EU3vVR5GhdwdjtVSsN9F6,0.727,0.885,2,-7.073,1,0.0642,0.179,0.00179,0.108,0.454,119.977
Madari,"Clinton Cerejo, Vishal Dadlani, Sonu Kakkar","Best of Coke Studio @ MTV Season, 2",1GIBAN61IL1pabms1VRRHK,1ppdJWEPtU0ETfe5fd04rB,0,2012-12-07,463787,False,https://open.spotify.com/track/1ppdJWEPtU0ETfe5fd04rB,0.578,0.86,7,-5.448,0,0.0386,0.115,0.0,0.18,0.592,113.074
Teri Deewani,"Kailash Kher, Paresh Kamath, Naresh Kamath",Kailasa,4RaycLPhCCJ8wglYD4cvmD,2iNqdCchlUZEgjJbQyZf8T,64,2006-02-24,323520,False,https://open.spotify.com/track/2iNqdCchlUZEgjJbQyZf8T,0.447,0.6,4,-3.718,0,0.0332,0.324,0.0,0.0962,0.434,80.044
Saiyyan,"Kailash Kher, Paresh Kamath, Naresh Kamath",Jhoomo Re,1DzYor2sqKFs4Z6qcUl0V5,2vR23BjIzpLMtzsyKrM6Mb,64,2011-06-03,343907,False,https://open.spotify.com/track/2vR23BjIzpLMtzsyKrM6Mb,0.473,0.562,0,-8.624,1,0.0451,0.65,0.000117,0.12,0.316,74.653
"Jeena Jeena (From ""Badlapur"")",Atif Aslam,"Jeena Jeena (From ""Badlapur"")",0U2bBiUD6j9q0GIDsY3J7v,5ZhKD46Q7mhsl0awl7ZMJc,0,2015-01-15,228969,False,https://open.spotify.com/track/5ZhKD46Q7mhsl0awl7ZMJc,0.677,0.318,5,-9.196,1,0.028,0.775,0.0,0.118,0.585,104.983
"Jeene Laga Hoon (From ""Ramaiya Vastavaiya"")","Atif Aslam, Shreya Ghoshal",Ramaiya Vastavaiya (Original Motion Picture Soundtrack),2n0ph4tEw3S7y2yqgXMD2R,11ZEzmgtjJhoMHTWGd5IRY,0,2013-05-15,231673,False,https://open.spotify.com/track/11ZEzmgtjJhoMHTWGd5IRY,0.562,0.735,7,-7.924,0,0.0445,0.144,0.000204,0.177,0.537,90.057
"Main Rang Sharbaton Ka (From ""Phata Poster Nikhla Hero"")","Atif Aslam, Chinmayi, Pritam",Phata Poster Nikhla Hero (Original Motion Picture Soundtrack),1a2ipaPPgn0JPWb9Z0Ey36,7hNb5juMQyy93U63jW4Mwj,0,2013-09-10,262906,False,https://open.spotify.com/track/7hNb5juMQyy93U63jW4Mwj,0.384,0.607,6,-7.429,1,0.0433,0.713,0.0,0.158,0.707,78.186
"Tu Jaane Na (From ""Ajab Prem Ki Ghazab Kahani"")",Atif Aslam,Atif Rocks,3bEqFMBK1Ya8BFGL3VONbo,5SoEW6ft6IFypXXA7nt3z4,0,2011-05-27,337279,False,https://open.spotify.com/track/5SoEW6ft6IFypXXA7nt3z4,0.701,0.864,7,-3.955,1,0.035,0.36,1.33e-06,0.16,0.819,120.055
"Be Intehaan (From ""Race 2"")","Atif Aslam, Sunidhi Chauhan, Pritam",Yours Truly,1IGBv30ttjRloTuvs51zG1,3l8iHQwFe7OeXxSkEF2AWt,0,2014-09-02,290867,False,https://open.spotify.com/track/3l8iHQwFe7OeXxSkEF2AWt,0.559,0.696,7,-5.583,1,0.0472,0.536,0.0,0.325,0.391,128.855
"Kuch Is Tarah (From ""Doorie"")","Atif Aslam, Mithoon",Yours Truly,1IGBv30ttjRloTuvs51zG1,2mgM4WYTrLi2XR2ol7RIEz,0,2014-09-02,314067,False,https://open.spotify.com/track/2mgM4WYTrLi2XR2ol7RIEz,0.647,0.494,5,-7.214,1,0.0232,0.839,9.21e-06,0.116,0.331,96.997
"Tera Hone Laga Hoon (From ""Ajab Prem Ki Ghazab Kahani"")","Atif Aslam, Alisha Chinai, Pritam",Yours Truly,1IGBv30ttjRloTuvs51zG1,57wiBHywSybfdZNE8rRyhx,0,2014-09-02,295175,False,https://open.spotify.com/track/57wiBHywSybfdZNE8rRyhx,0.685,0.773,8,-5.331,1,0.0308,0.548,0.0,0.193,0.541,119.987
"Bakhuda Tumhi Ho (From ""Kismat Konnection"")","Atif Aslam, Alka Yagnik & Arvind Hasabnish, Pritam",Yours Truly,1IGBv30ttjRloTuvs51zG1,0R1e0Nm9jVTmMlJVc6JqaE,0,2014-09-02,292493,False,https://open.spotify.com/track/0R1e0Nm9jVTmMlJVc6JqaE,0.322,0.752,2,-3.457,1,0.0422,0.633,0.0,0.129,0.502,126.949
Where's the Party Tonight,"Shankar-Ehsaan-Loy, Shaan, Vasundhara Das, Loy Mendonsa, Shankar Mahadevan",Kabhi Alvida Naa Kehna (Original Motion Picture Soundtrack),4hYTERVUXY74XJdm8tyXBV,6ECucSdJeJmSm3k1k3Vumv,51,2006-06-08,378160,False,https://open.spotify.com/track/6ECucSdJeJmSm3k1k3Vumv,0.764,0.863,2,-5.414,0,0.0416,0.00269,0.0,0.27,0.92,132.021
Bole Chudiyan,"Jatin-Lalit, Amit Kumar, Sonu Nigam, Alka Yagnik, Udit Narayan, Kavita Krishnamurthy",Kabhi Khushi Kabhie Gham (Original Motion Picture Soundtrack),5lExQTV6ELzqRgwsqahZoh,1uzkWkIaWaxzHJgJ4Fy5rO,59,2001-11-28,408133,False,https://open.spotify.com/track/1uzkWkIaWaxzHJgJ4Fy5rO,0.59,0.875,5,-5.294,1,0.171,0.45,1.16e-05,0.164,0.737,96.915
Radha,"Vishal-Shekhar, Shreya Ghoshal, Udit Narayan, Vishal Dadlani, Shekhar Ravjiani",Student of the Year (Original Motion Picture Soundtrack),1Q9pYTcpVfz0eJTZZczELy,6f7zyAEUCZuvX4Zty62Z5o,55,2012-08-31,341360,False,https://open.spotify.com/track/6f7zyAEUCZuvX4Zty62Z5o,0.804,0.748,1,-14.163,0,0.0616,0.11,0.0,0.0998,0.699,131.989
Shayad,"Pritam, Arijit Singh",Love Aaj Kal (Original Motion Picture Soundtrack),6IXfWhC7omotM4lt0ROmEr,1smFN2CLqGROu0J0UyvDfL,69,2020-02-14,247941,False,https://open.spotify.com/track/1smFN2CLqGROu0J0UyvDfL,0.483,0.468,8,-7.642,1,0.0341,0.784,0.0,0.152,0.319,135.875
"Jab Tak (From ""M.S.Dhoni - The Untold Story"")",Armaan Malik,2016 Shining Star - Armaan Malik,2Z5Dq0EmYGI7yUTIgRnuSY,6tkl6rjuXWtVOCaXSSSCz2,52,2016-12-30,174039,False,https://open.spotify.com/track/6tkl6rjuXWtVOCaXSSSCz2,0.298,0.447,3,-7.862,0,0.0383,0.857,0.000311,0.097,0.322,121.668
"Kaise Hua (From ""Kabir Singh"")","Vishal Mishra, Manoj Muntashir","Kaise Hua (From ""Kabir Singh"")",1ncyKqyZae6DoyjYaV9LmS,1y1rQTkWmrZdJmjwuK07GC,69,2019-06-13,234722,False,https://open.spotify.com/track/1y1rQTkWmrZdJmjwuK07GC,0.385,0.464,2,-6.975,1,0.0404,0.452,0.0,0.109,0.15,137.839
Humnava Mere,"Jubin Nautiyal, Rocky - Shiv",Humnava Mere,2BrJ0sEF6AR2Y4kaX1byd2,0loZn1c5heXie7OAtvK6nH,66,2018-05-23,328992,False,https://open.spotify.com/track/0loZn1c5heXie7OAtvK6nH,0.401,0.553,5,-8.263,0,0.0337,0.47,2.96e-06,0.124,0.364,79.144
"Phir Kabhi (From ""M.S.Dhoni - The Untold Story"")",Arijit Singh,2016 Shining Star - Arijit Singh,5Qi2odXJ7C5Hggha06uPWn,77gskLti3ilCnuwlDq0m8j,55,2016-12-30,287422,False,https://open.spotify.com/track/77gskLti3ilCnuwlDq0m8j,0.405,0.664,4,-5.497,1,0.0328,0.613,1.03e-06,0.525,0.4,81.924
"Itni Si Baat Hain (From ""Azhar"")","Arijit Singh, Antara Mitra",Ultimate Love Songs - Arijit Singh,1WwkojG9sjMSrFVz4D51W0,4OEBP1iwGmLtcM8UKRLm80,61,2020-05-19,294847,False,https://open.spotify.com/track/4OEBP1iwGmLtcM8UKRLm80,0.56,0.768,2,-4.77,1,0.0655,0.494,0.0,0.0844,0.289,155.765
Pal,"Javed-Mohsin, Arijit Singh, Shreya Ghoshal, Kunaal Vermaa, Prashant Ingole",Pal,4QCM8VlhhlwZtQ2Ew7gtIg,5G7pZ8G8NFvS1MQ9H4L7dC,68,2018-09-14,247286,False,https://open.spotify.com/track/5G7pZ8G8NFvS1MQ9H4L7dC,0.51,0.502,7,-7.016,0,0.0325,0.71,0.0,0.0708,0.321,133.885
Pehli Dafa,"Atif Aslam, Shiraz Uppal",Pehli Dafa,5pAPEuGi48iywzO2NT5Ddt,4Tkb7zsDmsawB7S5TpKQV1,67,2017-01-06,298771,False,https://open.spotify.com/track/4Tkb7zsDmsawB7S5TpKQV1,0.679,0.537,4,-7.843,1,0.0322,0.844,3.34e-06,0.108,0.481,111.979
Main Rahoon Ya Na Rahoon,"Amaal Mallik, Armaan Malik, Rashmi Virag",Main Rahoon Ya Na Rahoon,2hlpZpzFRp0SxM8Fk50dsp,6f3ANRNQ8nCiPZ6VqXqq93,66,2015-11-24,309458,False,https://open.spotify.com/track/6f3ANRNQ8nCiPZ6VqXqq93,0.55,0.488,6,-8.059,1,0.0284,0.718,0.000118,0.126,0.301,136.025
"Pehla Pyaar (From ""Kabir Singh"")",Armaan Malik,Hits Of Armaan Malik,3gGwUpC4DmntZxwIXaoNh8,6v54G4hhoyTPreZ3nvSYmR,38,2020-07-22,272533,False,https://open.spotify.com/track/6v54G4hhoyTPreZ3nvSYmR,0.607,0.713,4,-5.105,1,0.03,0.56,4.98e-05,0.101,0.611,124.868
"Raabta (Title Track) [From ""Raabta""]","Pritam, Arijit Singh, Nikhita Gandhi","Raabta (Title Track) [From ""Raabta""]",4xju6tQ4eWUSxC7k7MAtUe,4e9dIemIXO8Tzg0k4aWujk,51,2017-05-02,297158,False,https://open.spotify.com/track/4e9dIemIXO8Tzg0k4aWujk,0.636,0.701,5,-6.825,1,0.0363,0.414,0.0,0.106,0.352,113.886
Tera Ghata,Gajendra Verma,Tera Ghata,7nRsCQuIFeFwO8fcQ5mRlH,0JBhoxPKHJc1ZeJrjSt0VO,62,2018-06-24,254174,False,https://open.spotify.com/track/0JBhoxPKHJc1ZeJrjSt0VO,0.718,0.573,1,-7.309,0,0.0451,0.458,0.00533,0.0953,0.686,180.043
Mehrama,"Pritam, Darshan Raval, Antara Mitra",Love Aaj Kal (Original Motion Picture Soundtrack),6IXfWhC7omotM4lt0ROmEr,6cUOiOY5qh2FpIQWIYAd2h,67,2020-02-14,249416,False,https://open.spotify.com/track/6cUOiOY5qh2FpIQWIYAd2h,0.56,0.631,7,-9.032,1,0.0334,0.861,0.0133,0.0985,0.376,107.987
"Tu Hi Yaar Mera (From ""Pati Patni Aur Woh"")","Rochak Kohli, Arijit Singh, Neha Kakkar","Tu Hi Yaar Mera (From ""Pati Patni Aur Woh"")",7aJiY5GW8uSpZItQXcmeVM,57jOEZtoLQK4zF2x55bdkp,65,2019-12-02,200992,False,https://open.spotify.com/track/57jOEZtoLQK4zF2x55bdkp,0.718,0.382,7,-8.237,1,0.0466,0.585,0.0,0.128,0.499,87.029
"Duniyaa (From ""Luka Chuppi"")","Akhil, Dhvani Bhanushali",Feel-Good Tum Jo Aaye,5bZcSim8Xvvpc7HTe7EtUT,3s3J70eRpRH2hcYq4mEXTJ,41,2020-04-13,222501,False,https://open.spotify.com/track/3s3J70eRpRH2hcYq4mEXTJ,0.435,0.658,7,-5.949,0,0.0368,0.699,0.0,0.125,0.524,77.17
Saibo,"Sachin-Jigar, Shreya Ghoshal, Tochi Raina",Shor in the City (Original Motion Picture Soundtrack),2HZl13JCi3PIaqVlIkp4q6,6udC4b4jOSnHb9ItnXgKLR,68,2011-03-28,195253,False,https://open.spotify.com/track/6udC4b4jOSnHb9ItnXgKLR,0.619,0.429,2,-7.867,1,0.028,0.738,1.35e-05,0.136,0.545,90.058
Hawayein,"Pritam, Arijit Singh",Jab Harry Met Sejal (Original Motion Picture Soundtrack),4I39l0YJ7tmSBXZGZamN5E,0l6g8Z8mqGbGXFOjigYetD,67,2017-08-03,289999,False,https://open.spotify.com/track/0l6g8Z8mqGbGXFOjigYetD,0.606,0.601,2,-5.576,1,0.0283,0.796,0.000511,0.127,0.453,125.961
Ishq Wala Love,"Vishal-Shekhar, Salim Merchant, Neeti Mohan, Shekhar Ravjiani",Student of the Year (Original Motion Picture Soundtrack),1Q9pYTcpVfz0eJTZZczELy,1hQia6rxgfM1ly2hE3StWp,66,2012-08-31,257973,False,https://open.spotify.com/track/1hQia6rxgfM1ly2hE3StWp,0.711,0.295,0,-12.377,0,0.0334,0.534,4.51e-05,0.0782,0.694,135.041
"Humsafar (From ""Badrinath Ki Dulhania"")","Akhil Sachdeva, Mansheel Gujral",Best Of Akhil Sachdeva,1kjmB9cfxSjPJFfqwZ9eHN,7aE1lfskJLMHQnzCCP1zsV,61,2019-09-03,268463,False,https://open.spotify.com/track/7aE1lfskJLMHQnzCCP1zsV,0.319,0.552,7,-6.401,1,0.0307,0.719,0.0,0.144,0.221,93.991
Subhanallah,"Pritam, Sreeram, Shilpa Rao",Yeh Jawaani Hai Deewani,2Lxoc72vRTGdQfMvj7Ovi1,0GQngE2rOYvlKwEQjTAsP8,66,2013-03-30,249707,False,https://open.spotify.com/track/0GQngE2rOYvlKwEQjTAsP8,0.302,0.493,9,-5.038,1,0.0451,0.455,0.0,0.134,0.457,88.904
"Gazab Ka Hai Din (From ""Dil Juunglee"")","Jubin Nautiyal, Prakriti Kakar",Romantic Hits By Jubin Nautiyal,4hpRbxQk65dMezDhRjN9T5,4byiHL0b9mIoCUCjbjI4eA,58,2020-05-25,236325,False,https://open.spotify.com/track/4byiHL0b9mIoCUCjbjI4eA,0.325,0.421,2,-8.636,1,0.0566,0.661,4.83e-06,0.0825,0.203,170.376
O Saathi,"Atif Aslam, Arko","O Saathi (From ""Baaghi 2"")",23L9JSXD0RrynRb71ZfL9A,6fScgF2Y63ScU73nYju0ny,69,2018-03-09,251819,False,https://open.spotify.com/track/6fScgF2Y63ScU73nYju0ny,0.481,0.496,8,-7.421,1,0.0262,0.588,0.0,0.132,0.453,89.839
Jab Koi Baat - Recreated,"Atif Aslam, Shirley Setia, Dj Chetas",Jab Koi Baat - Recreated,1nIe4xtu5pwjRLgegOYdMm,43GfQ1SC17rBWiHkOtdwK8,64,2018-02-09,192229,False,https://open.spotify.com/track/43GfQ1SC17rBWiHkOtdwK8,0.667,0.621,5,-5.697,1,0.0271,0.47,4.15e-05,0.13,0.451,106.032
Tu Jo Mila,"Pritam, KK",Bajrangi Bhaijaan,4nZOPP0atfJbBlkedLYi7t,7txLCGOXyDlDXTjtR1Sk4v,59,2015-07-07,242864,False,https://open.spotify.com/track/7txLCGOXyDlDXTjtR1Sk4v,0.576,0.591,0,-7.725,1,0.0332,0.795,6.85e-05,0.266,0.478,124.013
"Bandeya - From ""Dil Juunglee""","Shaarib Toshi, Arijit Singh","Bandeya (From ""Dil Juunglee"")",0eBjbMAR0N7knX6hBT6c3h,6gwnKOvdBKkTU4CQ7KpIAu,65,2018-02-22,184666,False,https://open.spotify.com/track/6gwnKOvdBKkTU4CQ7KpIAu,0.465,0.551,7,-6.58,1,0.0362,0.619,6.03e-06,0.109,0.415,89.459
"Sapna Jahan (From ""Brothers"")","Ajay-Atul, Sonu Nigam, Neeti Mohan","Sapna Jahan (From ""Brothers"")",4kTUCS1HWZ7YjjbKofxUuz,6uQkoo1UGWThtEpNEYc6Ga,59,2015-07-24,341780,False,https://open.spotify.com/track/6uQkoo1UGWThtEpNEYc6Ga,0.471,0.329,0,-11.958,0,0.0312,0.78,0.0021,0.117,0.144,126.107
Raabta (Kehte Hain Khuda Ne),"Pritam, Shreya Ghoshal, Arijit Singh",Agent Vinod,2DqQ34i4uuuZWTScsGIgHr,11PgL2XjsTBszhAPqttBJS,51,2012-02-24,289197,False,https://open.spotify.com/track/11PgL2XjsTBszhAPqttBJS,0.69,0.427,4,-6.831,1,0.0269,0.866,0.0,0.11,0.459,110.938
Tu Chahiye,"Pritam, Atif Aslam",Bajrangi Bhaijaan,4nZOPP0atfJbBlkedLYi7t,3aaiAWCet6sbfOfLSn3g7i,63,2015-07-07,272680,False,https://open.spotify.com/track/3aaiAWCet6sbfOfLSn3g7i,0.565,0.744,7,-5.817,1,0.0446,0.403,0.0,0.0853,0.415,134.068
"Bol Do Na Zara (From ""Azhar"")",Armaan Malik,2016 Shining Star - Armaan Malik,2Z5Dq0EmYGI7yUTIgRnuSY,3XQ15TDH5wMJMJr0X6u2Yc,52,2016-12-30,292827,False,https://open.spotify.com/track/3XQ15TDH5wMJMJr0X6u2Yc,0.545,0.473,11,-8.259,0,0.0312,0.284,0.0,0.0871,0.195,130.0
"Banjaara (From ""Ek Villain"")",Mohammed Irfan,Best Of Shraddha Kapoor,6EHCTm248DJb77KFh7qfLj,2S6N9pbnkhQRyAx80HmF79,62,2017-03-03,336567,False,https://open.spotify.com/track/2S6N9pbnkhQRyAx80HmF79,0.657,0.489,1,-6.829,0,0.0306,0.713,0.0,0.124,0.399,116.0
Tum Mile,"Pritam, Neeraj Shridhar",Tum Mile (Original Motion Picture Soundtrack),3Ip9JCpT1IF9GvhAxzufTH,1EjxJHY9A6LMOlvyZdwDly,65,2009-09-08,343787,False,https://open.spotify.com/track/1EjxJHY9A6LMOlvyZdwDly,0.738,0.798,0,-6.663,1,0.0334,0.32,5.15e-06,0.31,0.793,123.01
,,,0fvbSSTodKL0wMcoWRPfDz,4cNbz1UdBCrnGOg0NNP1iF,0,0000,229878,False,https://open.spotify.com/track/4cNbz1UdBCrnGOg0NNP1iF,0.569,0.298,6,-8.639,1,0.0292,0.879,0.0,0.0939,0.466,89.972
Mera Mann Kehne Laga,Falak Shabbir,Latest Songs Of Ayushmann Khurrana,4cUIDQhSsQnkCLb3JIepxp,1ai3itvPFcWilE9NX0JTCf,55,2017-09-12,227335,False,https://open.spotify.com/track/1ai3itvPFcWilE9NX0JTCf,0.46,0.444,7,-6.217,1,0.123,0.714,2.65e-05,0.0881,0.7,74.977
,,,3aeT26ypiF8fCWImdu0cGs,5kl6FcnZv8jQDgNSWNyfpN,0,0000,296377,False,https://open.spotify.com/track/5kl6FcnZv8jQDgNSWNyfpN,0.485,0.456,9,-6.544,1,0.0309,0.898,2.58e-05,0.0835,0.424,90.352
,,,5ASFrellizlx98SmsItOEm,0zHZSO80CTxNtvtRhveHRJ,0,0000,234737,False,https://open.spotify.com/track/0zHZSO80CTxNtvtRhveHRJ,0.63,0.729,6,-4.93,1,0.0287,0.123,8e-06,0.0786,0.44,127.919
"Ek Ladki Ko Dekha Toh Aisa Laga (From ""Ek Ladki Ko Dekha Toh Aisa Laga"")","Darshan Raval, Rochak Kohli","Ek Ladki Ko Dekha Toh Aisa Laga (From ""Ek Ladki Ko Dekha Toh Aisa Laga"") - Single",3UWRB8JT1OrMhx9diCj31y,3jyqXdAjwqO3gFtjnYrbq9,51,2019-01-08,155172,False,https://open.spotify.com/track/3jyqXdAjwqO3gFtjnYrbq9,0.537,0.604,10,-7.576,1,0.054,0.757,0.0,0.322,0.41,173.915
Kabira (Encore),"Pritam, Harshdeep Kaur, Arijit Singh",Yeh Jawaani Hai Deewani,2Lxoc72vRTGdQfMvj7Ovi1,3jJ5HgLRNydtLRghjWVaCG,56,2013-03-30,270439,False,https://open.spotify.com/track/3jJ5HgLRNydtLRghjWVaCG,0.611,0.612,2,-7.978,1,0.114,0.441,0.0,0.18,0.898,171.841
Paniyon Sa,"Rochak Kohli, Atif Aslam, Tulsi Kumar","Paniyon Sa (From ""Satyameva Jayate"")",6JsjTQo1PrSQSe7ENpUwXu,2si0ZNx4yRbggTvrIom8A2,64,2018-07-12,236240,False,https://open.spotify.com/track/2si0ZNx4yRbggTvrIom8A2,0.523,0.768,0,-4.953,0,0.0566,0.447,0.000226,0.0833,0.669,75.03
,,,5ASFrellizlx98SmsItOEm,0LRcXYhaWLqbs1wvSV0o9u,0,0000,217992,False,https://open.spotify.com/track/0LRcXYhaWLqbs1wvSV0o9u,0.581,0.424,8,-6.616,1,0.0269,0.723,0.0,0.101,0.352,98.936
,,,3ztDG95Y1zI3eaCTySv7DU,3hp6JfJIxkv3sl7E6p7DQj,0,0000,283070,False,https://open.spotify.com/track/3hp6JfJIxkv3sl7E6p7DQj,0.449,0.421,4,-8.92,1,0.0272,0.387,0.000108,0.11,0.203,163.747
"Sab Tera (From ""Baaghi"")","Armaan Malik, Shraddha Kapoor",2016 Shining Star - Armaan Malik,2Z5Dq0EmYGI7yUTIgRnuSY,2Rr8j88wr7SAYSwuekTJgx,47,2016-12-30,228117,False,https://open.spotify.com/track/2Rr8j88wr7SAYSwuekTJgx,0.502,0.641,7,-5.863,1,0.034,0.641,1.02e-06,0.151,0.431,159.781
"Roke Na Ruke Naina (From ""Badrinath Ki Dulhania"")",Arijit Singh,Ultimate Love Songs - Arijit Singh,1WwkojG9sjMSrFVz4D51W0,0ZyJDDqBjI0rDnn31qHgbg,57,2020-05-19,278402,False,https://open.spotify.com/track/0ZyJDDqBjI0rDnn31qHgbg,0.501,0.382,9,-9.31,1,0.0283,0.722,1.15e-05,0.154,0.264,80.657
,,,3Bq5ez5mocOfymcQM1WVGV,4nydCE0L7G13XLKPzvLlNs,0,0000,200438,False,https://open.spotify.com/track/4nydCE0L7G13XLKPzvLlNs,0.634,0.378,9,-8.367,1,0.0295,0.566,0.0,0.0919,0.527,123.949
,,,1TK8mLZQbWPe4sRmkcWrIu,7AV1hh76pC1mg4iSH796Vp,0,0000,207752,False,https://open.spotify.com/track/7AV1hh76pC1mg4iSH796Vp,0.411,0.277,7,-8.844,1,0.0305,0.903,0.0,0.209,0.345,143.768
Khuda Jaane,"Vishal-Shekhar, KK, Shilpa Rao, Anvita Dutt Guptan",Bachna Ae Haseeno,4mFLdK8SkUo3cx8ERLQC92,0gPgdRfB4jdGrlyXS0Vx78,69,2008-07-05,333182,False,https://open.spotify.com/track/0gPgdRfB4jdGrlyXS0Vx78,0.404,0.634,8,-5.979,1,0.0398,0.411,0.000526,0.106,0.702,78.508
Zindagi Kuch Toh Bata (Reprise),"Pritam, Jubin Nautiyal",Bajrangi Bhaijaan,4nZOPP0atfJbBlkedLYi7t,6TGX01ExmdHyOG72fqUU3Q,58,2015-07-07,258879,False,https://open.spotify.com/track/6TGX01ExmdHyOG72fqUU3Q,0.528,0.615,5,-7.118,1,0.0372,0.491,0.000111,0.104,0.225,123.988
"Tera Hua (From ""Loveyatri"")","Atif Aslam, Tanishk Bagchi","Tera Hua (From ""Loveyatri"")",2wW7TgUWBEPYjZrMRnLp1S,3zqFsowz5iGbYIxZW5KlKw,53,2018-08-30,214002,False,https://open.spotify.com/track/3zqFsowz5iGbYIxZW5KlKw,0.426,0.688,2,-5.25,1,0.0443,0.351,0.0,0.0998,0.239,118.586
Kya Karoon?,"Shankar-Ehsaan-Loy, Clinton Cerejo, Dominique Cerejo, Loy Mendonsa",Wake Up Sid (Original Motion Picture Soundtrack),1fzE65RP7Gyhi8hdOv8eRQ,4Yp8zw7b35bheMVTp39o5O,50,2009-08-21,236160,False,https://open.spotify.com/track/4Yp8zw7b35bheMVTp39o5O,0.594,0.548,9,-7.588,0,0.0267,0.611,0.00146,0.117,0.374,98.014
Iktara,"Amit Trivedi, Kavita Seth, Amitabh Bhattacharya",Wake Up Sid (Original Motion Picture Soundtrack),1fzE65RP7Gyhi8hdOv8eRQ,3jtKSUiVDowKNBqVQbWaig,49,2009-08-21,253773,False,https://open.spotify.com/track/3jtKSUiVDowKNBqVQbWaig,0.616,0.525,7,-7.065,1,0.0258,0.401,0.000484,0.309,0.427,79.976
Ishq Bulaava,"Vishal-Shekhar, Sanam Puri, Shipra Goyal",Hasee Toh Phasee (Original Motion Picture Soundtrack),3PxXJhlxSQkj8JO7IXy0FE,1fkjRQA8wXPPyxqYLbxuqy,61,2014-01-05,303640,False,https://open.spotify.com/track/1fkjRQA8wXPPyxqYLbxuqy,0.578,0.713,7,-7.335,1,0.0318,0.618,3.18e-05,0.118,0.625,159.915
"Darasal (From ""Raabta"")","Atif Aslam, Jam8","Darasal (From ""Raabta"")",3ddS3O1EvJCSdp595ThD3h,3phw912iJRhtMfsdJ1k3Sr,54,2017-06-03,274354,False,https://open.spotify.com/track/3phw912iJRhtMfsdJ1k3Sr,0.705,0.422,0,-7.375,1,0.0299,0.793,0.0,0.0895,0.482,117.948
"Saudebazi (Encore) [From ""Aakrosh""]",Javed Ali,Teri Jhalak Asharfi Javed Ali Hits,32oLj38GDjQSJiOw3CSb8R,7lNbI1xd39QRdf6Mj8tvTv,47,2022-06-04,354863,False,https://open.spotify.com/track/7lNbI1xd39QRdf6Mj8tvTv,0.69,0.73,5,-6.588,1,0.0307,0.122,0.0,0.346,0.776,113.969
Love You Zindagi - Club Mix,"Amit Trivedi, Alia Bhatt",Dear Zindagi (Original Motion Picture Soundtrack),29njH6pDF6JE65D2VJbAxW,3GBD0LEmo9HetCozGgGeZG,34,2016-11-15,214965,False,https://open.spotify.com/track/3GBD0LEmo9HetCozGgGeZG,0.782,0.812,8,-6.363,1,0.0334,0.00481,0.0086,0.0619,0.23,128.04
"Samjhawan (Unplugged by Alia Bhatt) [From ""Humpty Sharma Ki Dulhania""]","Jawad Ahmad, Shaarib Toshi, Alia Bhatt","Samjhawan (Unplugged by Alia Bhatt) [From ""Humpty Sharma Ki Dulhania""]",21bDtSHJ5mVCeNBpIRsToX,3TrdGeV5bEpHezExHlsguD,51,2014-06-19,215611,False,https://open.spotify.com/track/3TrdGeV5bEpHezExHlsguD,0.643,0.256,10,-9.758,1,0.0252,0.729,1.02e-06,0.0994,0.444,94.999
Love You Zindagi,"Amit Trivedi, Jasleen Royal",Dear Zindagi (Original Motion Picture Soundtrack),29njH6pDF6JE65D2VJbAxW,6k3XXCE1ZzwevQlxf8dNaw,60,2016-11-15,232505,False,https://open.spotify.com/track/6k3XXCE1ZzwevQlxf8dNaw,0.688,0.701,3,-7.505,1,0.0298,0.06,0.0301,0.271,0.385,110.019
Tu Hi Hai,"Amit Trivedi, Arijit Singh",Dear Zindagi (Original Motion Picture Soundtrack),29njH6pDF6JE65D2VJbAxW,5b9x5sRIzAgXQw0dhGORO1,57,2016-11-15,199644,False,https://open.spotify.com/track/5b9x5sRIzAgXQw0dhGORO1,0.707,0.501,4,-7.389,1,0.0372,0.387,1.81e-06,0.095,0.542,93.978
Manja,Amit Trivedi,Celebrate Kai Po Che (Original Motion Picture Soundtrack),5p9bW4b2ErADux0c0BOMDs,6X4uyM93rEjUIlGCQ7jZRh,44,2013-07-10,216760,False,https://open.spotify.com/track/6X4uyM93rEjUIlGCQ7jZRh,0.774,0.472,2,-7.586,1,0.0276,0.559,0.00282,0.207,0.529,106.026
Shubhaarambh,"Amit Trivedi, Shruti Pathak, Divya Kumar",Celebrate Kai Po Che (Original Motion Picture Soundtrack),5p9bW4b2ErADux0c0BOMDs,5ckJAMv3Ixm6orTgfkmtbf,51,2013-07-10,232533,False,https://open.spotify.com/track/5ckJAMv3Ixm6orTgfkmtbf,0.484,0.545,10,-6.607,1,0.0485,0.2,0.0,0.188,0.575,114.989
"Bolna (From ""Kapoor & Sons (Since 1921)"")","Tanishk Bagchi, Arijit Singh, Asees Kaur",Award Winners 2016 Bollywood,31IhC0vc5vuC7h98RNK08G,5otvrC0X1OQKqDBRwpTcn7,16,2017-03-10,212832,False,https://open.spotify.com/track/5otvrC0X1OQKqDBRwpTcn7,0.488,0.403,5,-7.004,1,0.0272,0.598,4.26e-06,0.434,0.495,131.496
"Bulleya (From ""Ae Dil Hai Mushkil"")","Pritam, Amit Mishra, Shilpa Rao",Award Winners 2016 Bollywood,31IhC0vc5vuC7h98RNK08G,5phu2JBv3yZUbmft7kWwVX,17,2017-03-10,348966,False,https://open.spotify.com/track/5phu2JBv3yZUbmft7kWwVX,0.552,0.769,2,-4.504,0,0.0465,0.497,0.0,0.112,0.702,86.957
"Kar Gayi Chull (From ""Kapoor & Sons (Since 1921)"")","Badshah, Amaal Mallik, Fazilpuria, Sukriti Kakar, Neha Kakkar",Award Winners 2016 Bollywood,31IhC0vc5vuC7h98RNK08G,45I3yKpyyIK8Lg873ENM9h,16,2017-03-10,187711,False,https://open.spotify.com/track/45I3yKpyyIK8Lg873ENM9h,0.827,0.737,11,-5.473,0,0.0764,0.0316,0.000322,0.211,0.873,121.99
"Samjhawan (From ""Humpty Sharma Ki Dulhania"")","Jawad Ahmad, Shaarib Toshi, Arijit Singh, Shreya Ghoshal",Yours Truly Arijit,3tzrtZvTODgW7tDew5E7nb,1I0kolhBfYfVRjwRKU6k3B,38,2016-12-09,269185,False,https://open.spotify.com/track/1I0kolhBfYfVRjwRKU6k3B,0.65,0.482,4,-8.667,1,0.0281,0.293,0.0,0.0811,0.517,106.994
"Muskurane (From ""Citylights"") - Romantic","Jeet Gannguli, Arijit Singh",Yours Truly Arijit,3tzrtZvTODgW7tDew5E7nb,7HqKQ28B7kaTY7pMyQ2OTy,27,2016-12-09,334331,False,https://open.spotify.com/track/7HqKQ28B7kaTY7pMyQ2OTy,0.567,0.577,11,-6.197,0,0.0264,0.628,0.0,0.132,0.217,101.99
Tumhi Dekho Naa,"Shankar-Ehsaan-Loy, Sonu Nigam, Alka Yagnik",The Essential Bollywood Lounge,7GmtSBYeABtmp5F5IhuFfq,0DpvSC1ptABSLwCupNDKVd,15,2010-11-08,346880,False,https://open.spotify.com/track/0DpvSC1ptABSLwCupNDKVd,0.539,0.441,2,-10.422,0,0.0394,0.509,1.57e-05,0.113,0.372,81.067
Na Tum Jano Na Hum,"Lucky Ali, Ramya",Kaho Naa Pyaar Hai (Original Motion Picture Soundtrack),31H6E9Jdnx78N2Qkd4LId1,34ocm4zagqdQGgaGZIWQu4,0,1999-12-01,383213,False,https://open.spotify.com/track/34ocm4zagqdQGgaGZIWQu4,0.515,0.519,9,-11.197,1,0.0397,0.323,0.000657,0.0566,0.582,89.499
Ek Pal Ka Jeena,Lucky Ali,Kaho Naa Pyaar Hai (Original Motion Picture Soundtrack),31H6E9Jdnx78N2Qkd4LId1,1peYY3ORe8m8dCiAk00Z3B,0,1999-12-01,397427,False,https://open.spotify.com/track/1peYY3ORe8m8dCiAk00Z3B,0.676,0.798,6,-9.493,0,0.0475,0.0503,3.96e-05,0.0371,0.833,103.98
"Beedi (From ""Omkara"")","Sunidhi Chauhan, Sukhwinder Singh, Nachiketa Chakravorty, Clinton Cerejo",Hits of Saif,6vlSJXSNKktM81QgS16R9v,0EU3vVR5GhdwdjtVSsN9F6,0,2014-11-25,350160,False,https://open.spotify.com/track/0EU3vVR5GhdwdjtVSsN9F6,0.727,0.885,2,-7.073,1,0.0642,0.179,0.00179,0.108,0.454,119.977
Madari,"Clinton Cerejo, Vishal Dadlani, Sonu Kakkar","Best of Coke Studio @ MTV Season, 2",1GIBAN61IL1pabms1VRRHK,1ppdJWEPtU0ETfe5fd04rB,0,2012-12-07,463787,False,https://open.spotify.com/track/1ppdJWEPtU0ETfe5fd04rB,0.578,0.86,7,-5.448,0,0.0386,0.115,0.0,0.18,0.592,113.074
Teri Deewani,"Kailash Kher, Paresh Kamath, Naresh Kamath",Kailasa,4RaycLPhCCJ8wglYD4cvmD,2iNqdCchlUZEgjJbQyZf8T,64,2006-02-24,323520,False,https://open.spotify.com/track/2iNqdCchlUZEgjJbQyZf8T,0.447,0.6,4,-3.718,0,0.0332,0.324,0.0,0.0962,0.434,80.044
Saiyyan,"Kailash Kher, Paresh Kamath, Naresh Kamath",Jhoomo Re,1DzYor2sqKFs4Z6qcUl0V5,2vR23BjIzpLMtzsyKrM6Mb,64,2011-06-03,343907,False,https://open.spotify.com/track/2vR23BjIzpLMtzsyKrM6Mb,0.473,0.562,0,-8.624,1,0.0451,0.65,0.000117,0.12,0.316,74.653
"Jeena Jeena (From ""Badlapur"")",Atif Aslam,"Jeena Jeena (From ""Badlapur"")",0U2bBiUD6j9q0GIDsY3J7v,5ZhKD46Q7mhsl0awl7ZMJc,0,2015-01-15,228969,False,https://open.spotify.com/track/5ZhKD46Q7mhsl0awl7ZMJc,0.677,0.318,5,-9.196,1,0.028,0.775,0.0,0.118,0.585,104.983
"Jeene Laga Hoon (From ""Ramaiya Vastavaiya"")","Atif Aslam, Shreya Ghoshal",Ramaiya Vastavaiya (Original Motion Picture Soundtrack),2n0ph4tEw3S7y2yqgXMD2R,11ZEzmgtjJhoMHTWGd5IRY,0,2013-05-15,231673,False,https://open.spotify.com/track/11ZEzmgtjJhoMHTWGd5IRY,0.562,0.735,7,-7.924,0,0.0445,0.144,0.000204,0.177,0.537,90.057
"Main Rang Sharbaton Ka (From ""Phata Poster Nikhla Hero"")","Atif Aslam, Chinmayi, Pritam",Phata Poster Nikhla Hero (Original Motion Picture Soundtrack),1a2ipaPPgn0JPWb9Z0Ey36,7hNb5juMQyy93U63jW4Mwj,0,2013-09-10,262906,False,https://open.spotify.com/track/7hNb5juMQyy93U63jW4Mwj,0.384,0.607,6,-7.429,1,0.0433,0.713,0.0,0.158,0.707,78.186
"Tu Jaane Na (From ""Ajab Prem Ki Ghazab Kahani"")",Atif Aslam,Atif Rocks,3bEqFMBK1Ya8BFGL3VONbo,5SoEW6ft6IFypXXA7nt3z4,0,2011-05-27,337279,False,https://open.spotify.com/track/5SoEW6ft6IFypXXA7nt3z4,0.701,0.864,7,-3.955,1,0.035,0.36,1.33e-06,0.16,0.819,120.055
"Be Intehaan (From ""Race 2"")","Atif Aslam, Sunidhi Chauhan, Pritam",Yours Truly,1IGBv30ttjRloTuvs51zG1,3l8iHQwFe7OeXxSkEF2AWt,0,2014-09-02,290867,False,https://open.spotify.com/track/3l8iHQwFe7OeXxSkEF2AWt,0.559,0.696,7,-5.583,1,0.0472,0.536,0.0,0.325,0.391,128.855
"Kuch Is Tarah (From ""Doorie"")","Atif Aslam, Mithoon",Yours Truly,1IGBv30ttjRloTuvs51zG1,2mgM4WYTrLi2XR2ol7RIEz,0,2014-09-02,314067,False,https://open.spotify.com/track/2mgM4WYTrLi2XR2ol7RIEz,0.647,0.494,5,-7.214,1,0.0232,0.839,9.21e-06,0.116,0.331,96.997
"Tera Hone Laga Hoon (From ""Ajab Prem Ki Ghazab Kahani"")","Atif Aslam, Alisha Chinai, Pritam",Yours Truly,1IGBv30ttjRloTuvs51zG1,57wiBHywSybfdZNE8rRyhx,0,2014-09-02,295175,False,https://open.spotify.com/track/57wiBHywSybfdZNE8rRyhx,0.685,0.773,8,-5.331,1,0.0308,0.548,0.0,0.193,0.541,119.987
"Bakhuda Tumhi Ho (From ""Kismat Konnection"")","Atif Aslam, Alka Yagnik & Arvind Hasabnish, Pritam",Yours Truly,1IGBv30ttjRloTuvs51zG1,0R1e0Nm9jVTmMlJVc6JqaE,0,2014-09-02,292493,False,https://open.spotify.com/track/0R1e0Nm9jVTmMlJVc6JqaE,0.322,0.752,2,-3.457,1,0.0422,0.633,0.0,0.129,0.502,126.949
Where's the Party Tonight,"Shankar-Ehsaan-Loy, Shaan, Vasundhara Das, Loy Mendonsa, Shankar Mahadevan",Kabhi Alvida Naa Kehna (Original Motion Picture Soundtrack),4hYTERVUXY74XJdm8tyXBV,6ECucSdJeJmSm3k1k3Vumv,51,2006-06-08,378160,False,https://open.spotify.com/track/6ECucSdJeJmSm3k1k3Vumv,0.764,0.863,2,-5.414,0,0.0416,0.00269,0.0,0.27,0.92,132.021
Bole Chudiyan,"Jatin-Lalit, Amit Kumar, Sonu Nigam, Alka Yagnik, Udit Narayan, Kavita Krishnamurthy",Kabhi Khushi Kabhie Gham (Original Motion Picture Soundtrack),5lExQTV6ELzqRgwsqahZoh,1uzkWkIaWaxzHJgJ4Fy5rO,59,2001-11-28,408133,False,https://open.spotify.com/track/1uzkWkIaWaxzHJgJ4Fy5rO,0.59,0.875,5,-5.294,1,0.171,0.45,1.16e-05,0.164,0.737,96.915
Radha,"Vishal-Shekhar, Shreya Ghoshal, Udit Narayan, Vishal Dadlani, Shekhar Ravjiani",Student of the Year (Original Motion Picture Soundtrack),1Q9pYTcpVfz0eJTZZczELy,6f7zyAEUCZuvX4Zty62Z5o,55,2012-08-31,341360,False,https://open.spotify.com/track/6f7zyAEUCZuvX4Zty62Z5o,0.804,0.748,1,-14.163,0,0.0616,0.11,0.0,0.0998,0.699,131.989
Maahi Ve,"Shankar-Ehsaan-Loy, Sadhana Sargam, Sujata Bhattacharya, Udit Narayan, Sonu Nigam",Kal Ho Naa Ho (Original Motion Picture Soundtrack),6H71erprmvRxnWs3XqC8uE,7Czm0vv2sYL5z4P51KY66e,57,2003-09-20,366853,False,https://open.spotify.com/track/7Czm0vv2sYL5z4P51KY66e,0.815,0.833,7,-6.117,0,0.0769,0.0297,2e-05,0.33,0.563,99.989
Kuch Kuch Hota Hai,"Jatin-Lalit, Udit Narayan, Alka Yagnik",Kuch Kuch Hota Hai,5i3NjuZceh9iqtcODFTM4Q,4RixtPhUXlci9ad4qIMj23,60,1998-08-13,297867,False,https://open.spotify.com/track/4RixtPhUXlci9ad4qIMj23,0.547,0.554,7,-11.165,1,0.0374,0.602,0.000155,0.0735,0.848,91.386
"Dil Ne Yeh Kaha Hain Dil Se (From ""Dhadkan"")","Udit Narayan, Alka Yagnik",My Best Collection - Udit Narayan,6vEROmmCdjaXEvh12gq0aQ,6jyIymhrFptrIXBjSyQ2HX,52,2016-07-01,426632,False,https://open.spotify.com/track/6jyIymhrFptrIXBjSyQ2HX,0.628,0.665,7,-9.988,0,0.0428,0.332,1.94e-06,0.238,0.731,80.709
"Bin Tere Sanam (From ""Yaara Dildara"")","Udit Narayan, Kavita Krishnamurthy",My Best Collection - Udit Narayan,6vEROmmCdjaXEvh12gq0aQ,6nDJIzi6BezsTcCdw8fmMg,54,2016-07-01,390560,False,https://open.spotify.com/track/6nDJIzi6BezsTcCdw8fmMg,0.627,0.838,2,-8.168,1,0.0406,0.22,8.99e-06,0.122,0.728,138.856
"Tu Cheez Badi Hain (From ""Mohra"")","Udit Narayan, Kavita Krishnamurthy",My Best Collection - Udit Narayan,6vEROmmCdjaXEvh12gq0aQ,4TuG1HFhY2vptjS4FHLhmj,53,2016-07-01,385853,False,https://open.spotify.com/track/4TuG1HFhY2vptjS4FHLhmj,0.692,0.875,8,-7.381,1,0.0571,0.545,5.78e-05,0.326,0.787,84.575
"Ae Ajnabi (From ""Dil Se"")","Udit Narayan, Mahalakshmi Iyer",My Best Collection - Udit Narayan,6vEROmmCdjaXEvh12gq0aQ,0h4v9uXzT1qwXS5e9fkws2,47,2016-07-01,349493,False,https://open.spotify.com/track/0h4v9uXzT1qwXS5e9fkws2,0.726,0.323,11,-12.599,0,0.0372,0.588,0.0,0.0951,0.481,121.958
"Maula Mere Maula - From ""Anwar""",Roop Kumar Rathod,Melodious: Roop Kumar Rathod,4W3ZEwcfH25IGapgq7cb7v,7tjwHh67rkTMsKDyjM1dqC,0,2013-11-01,364330,False,https://open.spotify.com/track/7tjwHh67rkTMsKDyjM1dqC,0.548,0.737,0,-7.865,1,0.0386,0.458,0.00806,0.091,0.412,119.961
"Suraj Hua Maddham (From ""Kabhi Khushi Kabhie Gham"")","Sandesh Shandilya, Sonu Nigam, Alka Yagnik",Sonu Nigam: Best of Me,6t6xffp18j87wZRLXOwHa7,2bTOQ3zfHVDEBX9ffy3JzR,49,2011-12-16,427547,False,https://open.spotify.com/track/2bTOQ3zfHVDEBX9ffy3JzR,0.633,0.691,5,-5.851,1,0.0557,0.329,0.000211,0.134,0.57,80.002
"Satarangi Re (From ""Dil Se"")","Sonu Nigam, Kavita Krishnamurthy",Bollywood's Musical Extravaganza - Sonu Nigam & Sukhwinder Singh,5pfd8NzcyP0hwJB9aaDGRv,75IJNS71OfZjR2LazDx9Jr,33,2016-07-01,445520,False,https://open.spotify.com/track/75IJNS71OfZjR2LazDx9Jr,0.695,0.504,3,-14.057,0,0.115,0.0944,0.0,0.269,0.345,91.022
"Rehnaa Hai Tere Dil Mein - From ""Rehnaa Hai Tere Dil Mein""","Sonu Nigam, Kavita Krishnamurthy",The Versatile,4q86cdox8sxHKTrrUnBKNu,1rLDs5JpyNTKyGxw3Qj6b1,0,2013-11-01,307373,False,https://open.spotify.com/track/1rLDs5JpyNTKyGxw3Qj6b1,0.789,0.583,9,-10.975,0,0.0536,0.285,0.0,0.062,0.885,100.019
"Shukran Allah (From ""Kurbaan"")","Salim–Sulaiman, Sonu Nigam, Shreya Ghoshal, Salim Merchant",Sonu Nigam: Best of Me,6t6xffp18j87wZRLXOwHa7,2NLV2sSMKbHYyqezZiqXj0,26,2011-12-16,290053,False,https://open.spotify.com/track/2NLV2sSMKbHYyqezZiqXj0,0.432,0.695,1,-8.022,1,0.111,0.732,0.0014,0.274,0.513,116.153
"Soniyo (From ""RAAZ - The Mystery Continues"")","Raju Singh, Sonu Nigam, Shreya Ghoshal",Sonu Nigam: Best of Me,6t6xffp18j87wZRLXOwHa7,71TviT2jdZnp2758ljwREX,49,2011-12-16,328440,False,https://open.spotify.com/track/71TviT2jdZnp2758ljwREX,0.637,0.591,9,-6.117,1,0.0342,0.504,3.29e-06,0.135,0.48,119.956
"Abhi Mujh Mein Kahin (From ""Agneepath"")","Ajay-Atul, Sonu Nigam",Sonu Nigam: Best of Me,6t6xffp18j87wZRLXOwHa7,4quTMPVyQ8cFbDPlzGE3Iv,32,2011-12-16,364787,False,https://open.spotify.com/track/4quTMPVyQ8cFbDPlzGE3Iv,0.334,0.387,2,-9.483,1,0.0332,0.755,3.94e-05,0.113,0.42,129.959
Nagada Sang Dhol,"Shreya Ghoshal, Osman Mir",Ram-Leela (Original Motion Picture Soundtrack),4He2rBGaA8eNUvB3B9QRYK,4ila6GeGBPGmJTGRoHOV5E,0,2013-10-01,273319,False,https://open.spotify.com/track/4ila6GeGBPGmJTGRoHOV5E,0.73,0.944,3,-3.48,0,0.164,0.266,0.00443,0.0354,0.657,113.309
,,,1fkasXpHNnNfgs3iByPoQc,7IP72Pw6reOTDZrpLVtOFT,0,0000,340232,False,https://open.spotify.com/track/7IP72Pw6reOTDZrpLVtOFT,0.531,0.865,1,-3.389,0,0.0536,0.481,0.0,0.22,0.582,79.97
"Barso Re (From ""Guru"")","A.R. Rahman, Shreya Ghoshal, Uday Mazumdar",Best of Bollywood: Shreya Ghoshal,2SrNQXb8bmifWwKxLDWpvy,4U6IfIvfgXRbQTyzkLw1w9,19,2016-07-08,329600,False,https://open.spotify.com/track/4U6IfIvfgXRbQTyzkLw1w9,0.879,0.487,0,-9.441,1,0.15,0.339,0.00029,0.0706,0.337,116.99
"Agar Tum Mil Jao - From ""Zeher""",Shreya Ghoshal,Selfie with Shreya Ghoshal,7zkoUeXxJbzZzaqaUbxzKb,75MWfSADmyPzbi8AtDcGLC,0,2014-05-30,360438,False,https://open.spotify.com/track/75MWfSADmyPzbi8AtDcGLC,0.567,0.793,11,-5.715,0,0.052,0.254,4.24e-05,0.0378,0.395,158.084
"Hai Mera Dil (From ""Josh"")","Alka Yagnik, Udit Narayan",Bollywood Melody Queen (Alka Yagnik),0cPqV7ANsEL2kF0CDBf5Kv,6A5wFryRTfXaihsdLwA31C,44,2016-07-01,250920,False,https://open.spotify.com/track/6A5wFryRTfXaihsdLwA31C,0.64,0.43,5,-11.982,0,0.0331,0.379,1.36e-05,0.17,0.565,89.913
"Tip Tip Barsa Paani (From ""Mohra"")","Udit Narayan, Alka Yagnik",Musical Delight,3XjyKhSvDCgMoLbydS6PPF,1oKo3a7YG86ERB2nlGTzz1,50,2016-07-01,363013,False,https://open.spotify.com/track/1oKo3a7YG86ERB2nlGTzz1,0.602,0.874,5,-8.529,0,0.0377,0.521,0.0313,0.113,0.691,103.198
"Zara Sa Jhoom Loon Main (From ""Dilwale Dulhania Le Jayenge"")","Asha Bhosle, Abhijeet",The Very Best Of Asha Bhosle: The Queen Of Bollywood,3pyoTPsf0Wwcf6oEOA2fuU,2jQmwE0T3jW3wAhwQaS1oR,0,2004,352320,False,https://open.spotify.com/track/2jQmwE0T3jW3wAhwQaS1oR,0.608,0.689,0,-8.29,0,0.0834,0.697,6.21e-05,0.337,0.842,130.654
Neele Neele Ambar Par - Male Version,"Kalyanji-Anandji, Kishore Kumar",Kalaakaar (Original Motion Picture Soundtrack),3438iV4EeQYLyaqvT34AMa,02zPo0Dt0R4TTFY5zLJZnK,61,1983-06-10,320000,False,https://open.spotify.com/track/02zPo0Dt0R4TTFY5zLJZnK,0.562,0.696,0,-7.612,1,0.0397,0.628,0.0,0.172,0.722,93.801
"Yeh Jo Mohabbat Hai - From ""Kati Patang""",Kishore Kumar,Best of Kishore Kumar,5Tgbt7iKQhbeDf7olg9UBz,1huqZqGBPYj8eHWsuofBcz,0,2014-09-28,245040,False,https://open.spotify.com/track/1huqZqGBPYj8eHWsuofBcz,0.414,0.538,5,-11.214,0,0.0593,0.922,0.0009,0.269,0.771,79.639
"O Mere Dil Ke Chain - From ""Mere Jeevan Saathi""",Kishore Kumar,Kabhie To hasaye Kabhi To Rutaye,4XsFa2G4tBeculZUaMdEg9,1Ma2GC0atBtWSFeR6YLqt9,0,1972-03-03,278000,False,https://open.spotify.com/track/1Ma2GC0atBtWSFeR6YLqt9,0.438,0.46,9,-11.431,0,0.0329,0.863,0.0,0.0511,0.488,109.129
"Apni To Jaise Taise - From ""Laawaris""",Kishore Kumar,Meri Awaaz Suno - Kishore Kumar,5ceXSsJsFwA2YcSTZu7c4i,10N2Fe8eJ7D3rznvhyInRe,0,2017-04-25,482873,False,https://open.spotify.com/track/10N2Fe8eJ7D3rznvhyInRe,0.52,0.819,6,-7.526,1,0.103,0.136,8.94e-05,0.0461,0.775,108.322
"Pyar Hua Iqrar Hua - From ""Shree 420""","Manna Dey, Lata Mangeshkar","Legends: Manna Dey - The Maestro, Vol. 1",6l70dLgLSjOy0ktzUMpFso,20nS6xxrVlLblXI1sxWEY3,0,2013-03-05,257593,False,https://open.spotify.com/track/20nS6xxrVlLblXI1sxWEY3,0.468,0.37,8,-11.753,0,0.0363,0.467,7.09e-05,0.0398,0.786,129.34
"Say ""Shava Shava""","Aadesh Shrivastava, Sudesh Bhosle, Alka Yagnik, Sunidhi Chauhan, Amitabh Bachchan, Udit Narayan",Kabhi Khushi Kabhie Gham (Original Motion Picture Soundtrack),5lExQTV6ELzqRgwsqahZoh,7CdABTaND3EW5cETakiBD3,51,2001-11-28,408920,False,https://open.spotify.com/track/7CdABTaND3EW5cETakiBD3,0.665,0.908,2,-4.804,1,0.188,0.0504,0.0,0.0798,0.691,98.808
It's the Time to Disco,"Shankar-Ehsaan-Loy, Vasundhara Das, KK, Shaan, Loy Mendonsa",Kal Ho Naa Ho (Original Motion Picture Soundtrack),6H71erprmvRxnWs3XqC8uE,3hCUkos0NxuSFl73oOHJzb,54,2003-09-20,333093,False,https://open.spotify.com/track/3hCUkos0NxuSFl73oOHJzb,0.902,0.772,6,-8.29,0,0.0383,0.0452,0.000129,0.12,0.808,131.992
"Main Jahaan Rahoon (From ""Namastey London"")",Rahat Fateh Ali Khan,Namastey London,0hv8BPk8EB1zqbhWjRtPWq,26q5bMeoH7C2K3Xye5QKnH,0,2007-01-27,382493,False,https://open.spotify.com/track/26q5bMeoH7C2K3Xye5QKnH,0.584,0.556,5,-8.98,1,0.0514,0.362,2.9e-05,0.13,0.517,103.739
"Second Hand Jawaani (From ""Cocktail"")","Miss Pooja, Neha Kakkar, Nakash Aziz, Pritam",Tanu Likes,5IOm3lgSvakmS0Xw6Viqrl,5IXPynQCpQ9nG4zX5LnSyC,0,2015-03-23,242377,False,https://open.spotify.com/track/5IXPynQCpQ9nG4zX5LnSyC,0.809,0.831,5,-4.043,0,0.06,0.0162,0.00276,0.0534,0.83,112.016
"Surili Akhiyon Wale (From ""Veer"")","Rahat Fateh Ali Khan, Suzanne D'Mello",Manu Loves,6YanyvYLvOcKkKMliqnBWG,0nczommzVy2b4xOf2RdwZc,0,2015-03-23,331758,False,https://open.spotify.com/track/0nczommzVy2b4xOf2RdwZc,0.514,0.574,4,-5.788,1,0.0312,0.402,0.0,0.0965,0.4,75.89
"Pani Da Rang Male (From ""Vicky Donor"")",Ayushmann Khurrana,Manu Loves,6YanyvYLvOcKkKMliqnBWG,2tTDgy3nJNvZ6kRZYhhaM3,0,2015-03-23,240787,False,https://open.spotify.com/track/2tTDgy3nJNvZ6kRZYhhaM3,0.679,0.622,4,-8.514,0,0.0328,0.272,6.52e-05,0.106,0.483,98.028
"Tum Hi Ho Bandhu (From ""Cocktail"")","Neeraj Shridhar, Kavita Seth, Pritam",Cocktail,1qjwdeyTfXBI0ROsHhJ0ui,2zZTXtLqCsICzEcztKjn47,0,2012-06-12,282012,False,https://open.spotify.com/track/2zZTXtLqCsICzEcztKjn47,0.714,0.892,11,-5.342,0,0.0516,0.00145,0.000817,0.0462,0.899,134.997
"Enna Sona (From ""OK Jaanu"")","A.R. Rahman, Arijit Singh","Enna Sona (From ""OK Jaanu"")",5gs1aXFfp7NOeASaSEt1wX,1Wf5q34m4hTnAxCljiAonb,49,2017-01-04,213632,False,https://open.spotify.com/track/1Wf5q34m4hTnAxCljiAonb,0.717,0.415,7,-9.875,0,0.0302,0.637,1.43e-06,0.0976,0.379,100.021
"Pehli Nazar Mein (From ""Race"")",Atif Aslam,Atif Hit Story,1YT6DyKcT27OAn7z7OBTYC,4NIXPuh2dHdOdbAQbCsD7q,0,2013-03-05,313320,False,https://open.spotify.com/track/4NIXPuh2dHdOdbAQbCsD7q,0.458,0.569,9,-5.59,1,0.0839,0.25,0.0,0.106,0.663,126.999
Sab Tera,"Shraddha Kapoor, Armaan Malik",Best of Bollywood March,2Heu2O2CZqMgyPnzPFm6Nm,42JOceuwqmJ4AGj3ZSA7bS,0,2017-04-12,228153,False,https://open.spotify.com/track/42JOceuwqmJ4AGj3ZSA7bS,0.501,0.649,7,-5.972,1,0.0337,0.633,0.0,0.154,0.472,159.817
Galliyan,Ankit Tiwari,Best of Bollywood March,2Heu2O2CZqMgyPnzPFm6Nm,4ydGb4dUaW3SUwtfs4TwWR,0,2017-04-12,341081,False,https://open.spotify.com/track/4ydGb4dUaW3SUwtfs4TwWR,0.442,0.716,1,-6.3,1,0.047,0.468,5.81e-05,0.452,0.387,89.869
Sun Mere Humsafar,"Akhil Badrinath, Ki Dulhania",Sun Mere Humsafar,2nUfWaR1wlRUpzEt0Ak6lK,6pleY3ecU1WCzPj8m8eIvM,0,2017-03-15,268539,False,https://open.spotify.com/track/6pleY3ecU1WCzPj8m8eIvM,0.493,0.533,7,-6.549,1,0.0276,0.745,0.0,0.132,0.246,95.044
Kya Usey Behkana,"Arijit Singh, Harshdeep Kaur",Kya Usey Behkana,0oLqZJ6mT5dEO1B1ijffzf,6FgzWELiOQ0w3d0uUEH2DN,0,2017-02-28,299520,False,https://open.spotify.com/track/6FgzWELiOQ0w3d0uUEH2DN,0.69,0.88,9,-4.229,1,0.128,0.255,0.0,0.0885,0.609,90.003
Hua Hain Aaj Pehli Baar,Amaal Mallik,Best of Bollywood March,2Heu2O2CZqMgyPnzPFm6Nm,6XFhZ3hQ4ssB0Qt8zx3B33,0,2017-04-12,309003,False,https://open.spotify.com/track/6XFhZ3hQ4ssB0Qt8zx3B33,0.567,0.705,6,-8.049,0,0.0867,0.588,2.22e-05,0.102,0.633,156.064
"Judaai (From ""Badlapur)","Rekha Bhardwaj, Arijit Singh",Badlapur (Original Motion Picture Soundtrack),4zajT94baohLJbTI5TYydM,1eZ9Kq8voa1bnJi3dZD8M1,0,2015-02-12,271379,False,https://open.spotify.com/track/1eZ9Kq8voa1bnJi3dZD8M1,0.343,0.373,7,-9.363,0,0.0607,0.745,1.2e-05,0.14,0.252,92.957
"Chingari Koi Bhadke - From ""Amar Prem""",Kishore Kumar,Meri Awaaz Suno - Kishore Kumar,5ceXSsJsFwA2YcSTZu7c4i,2WrKXLEu70raCsgQvP1tcd,0,2017-04-25,319594,False,https://open.spotify.com/track/2WrKXLEu70raCsgQvP1tcd,0.513,0.384,7,-8.773,1,0.027,0.708,2.86e-06,0.13,0.265,91.265
"Mere Samnewali Khidki Mein - Happy - From ""Padosan""",Kishore Kumar,Meri Awaaz Suno - Kishore Kumar,5ceXSsJsFwA2YcSTZu7c4i,7hHNdrKYcT77uZCmF5JkUM,0,2017-04-25,172173,False,https://open.spotify.com/track/7hHNdrKYcT77uZCmF5JkUM,0.705,0.591,7,-9.549,0,0.217,0.839,0.000476,0.0968,0.768,139.782
"Pyar Diwana Hota Hai - From ""Kati Patang""",Kishore Kumar,Meri Awaaz Suno - Kishore Kumar,5ceXSsJsFwA2YcSTZu7c4i,2Q4HwpksnKHf2DwTr8f9hH,0,2017-04-25,284134,False,https://open.spotify.com/track/2Q4HwpksnKHf2DwTr8f9hH,0.551,0.597,5,-9.827,1,0.0405,0.661,0.0,0.355,0.84,123.637
"Aanewala Pal Janewala Hai - From ""Golmaal""",Kishore Kumar,Meri Awaaz Suno - Kishore Kumar,5ceXSsJsFwA2YcSTZu7c4i,4pVBhEd3fhwc5QeC9SHQzf,0,2017-04-25,279386,False,https://open.spotify.com/track/4pVBhEd3fhwc5QeC9SHQzf,0.473,0.575,5,-7.958,1,0.0295,0.755,0.0031,0.179,0.593,107.176
"Chala Jata Hoon - From ""Mere Jeevan Saathi""",Kishore Kumar,Meri Awaaz Suno - Kishore Kumar,5ceXSsJsFwA2YcSTZu7c4i,0sIXoPkHLKbpKhWYl5HNZl,0,2017-04-25,269552,False,https://open.spotify.com/track/0sIXoPkHLKbpKhWYl5HNZl,0.544,0.467,4,-7.403,1,0.032,0.911,3.01e-06,0.446,0.864,107.688
"Dekha Na Haye Re - From ""Bombay to Goa""",Kishore Kumar,Meri Awaaz Suno - Kishore Kumar,5ceXSsJsFwA2YcSTZu7c4i,2sHGZ7rYv3tDJw7cRE1Taa,0,2017-04-25,252861,False,https://open.spotify.com/track/2sHGZ7rYv3tDJw7cRE1Taa,0.536,0.763,5,-5.384,1,0.063,0.856,0.0,0.117,0.814,133.275
"Dream Girl - From ""Dream Girl""",Kishore Kumar,Meri Awaaz Suno - Kishore Kumar,5ceXSsJsFwA2YcSTZu7c4i,2xAM6DLSYIHJay58Dxocr1,0,2017-04-25,357573,False,https://open.spotify.com/track/2xAM6DLSYIHJay58Dxocr1,0.491,0.397,10,-12.736,1,0.0395,0.854,1.1e-05,0.222,0.648,125.228
"Khaike Paan Banaras Wala - From ""Don""",Kishore Kumar,Meri Awaaz Suno - Kishore Kumar,5ceXSsJsFwA2YcSTZu7c4i,0Wdmg2iZfbdp4lUNFUfarz,0,2017-04-25,237200,False,https://open.spotify.com/track/0Wdmg2iZfbdp4lUNFUfarz,0.611,0.544,3,-10.821,0,0.2,0.742,0.0,0.197,0.905,141.209
"Eena Meena Deeka - From ""Aasha""",Kishore Kumar,Meri Awaaz Suno - Kishore Kumar,5ceXSsJsFwA2YcSTZu7c4i,4ZohKafbxhqtk7sjsB0870,0,2017-04-25,209533,False,https://open.spotify.com/track/4ZohKafbxhqtk7sjsB0870,0.803,0.625,6,-8.258,1,0.408,0.768,4.7e-05,0.191,0.962,106.434
"Ek Ladki Bheegi Bhagi Si - From ""Chalti Ka Naam Gaadi""",Kishore Kumar,Meri Awaaz Suno - Kishore Kumar,5ceXSsJsFwA2YcSTZu7c4i,6heMkBTbKEwXlsvPwZIRYh,0,2017-04-25,236800,False,https://open.spotify.com/track/6heMkBTbKEwXlsvPwZIRYh,0.563,0.455,4,-7.01,0,0.0551,0.808,0.0,0.154,0.892,120.784
"Mana Janab Ne Pukara Nahin - From ""Paying Guest""",Kishore Kumar,Meri Awaaz Suno - Kishore Kumar,5ceXSsJsFwA2YcSTZu7c4i,2edpEdj3uluOUAqGhJRcxa,0,2017-04-25,247194,False,https://open.spotify.com/track/2edpEdj3uluOUAqGhJRcxa,0.685,0.503,6,-6.136,0,0.0435,0.879,2.47e-05,0.396,0.863,122.048
"Yeh Sham Mastani - From ""Kati Patang""",Kishore Kumar,Vintage King: Rajesh Khanna,6EDMaZarKow4xHBJK0EKgJ,2jbZvCWfKXbwq98CUDG8lV,0,2015-06-23,277027,False,https://open.spotify.com/track/2jbZvCWfKXbwq98CUDG8lV,0.42,0.494,6,-10.997,1,0.034,0.886,0.0,0.336,0.555,116.04
Sadka,"Vishal-Shekhar, Suraj Jagan, Mahalakshmi Iyer",I Hate Luv Storys (Original Motion Picture Soundtrack),4SPHfSWibeoFCSdR4vd5QL,4dPeCbg2Op44s9kwyMS3ZT,50,2010-05-25,343587,False,https://open.spotify.com/track/4dPeCbg2Op44s9kwyMS3ZT,0.678,0.547,7,-6.89,1,0.0286,0.232,0.000176,0.0785,0.579,143.892
Jab Mila Tu,"Vishal-Shekhar, Vishal Dadlani",I Hate Luv Storys (Original Motion Picture Soundtrack),4SPHfSWibeoFCSdR4vd5QL,6Sp7azay1NZU4wxlFacWCl,49,2010-05-25,251853,False,https://open.spotify.com/track/6Sp7azay1NZU4wxlFacWCl,0.626,0.561,9,-6.644,0,0.0304,0.0482,0.0,0.304,0.794,167.916
Ishq Wala Love,"Vishal-Shekhar, Salim Merchant, Neeti Mohan, Shekhar Ravjiani",Student of the Year (Original Motion Picture Soundtrack),1Q9pYTcpVfz0eJTZZczELy,1hQia6rxgfM1ly2hE3StWp,66,2012-08-31,257973,False,https://open.spotify.com/track/1hQia6rxgfM1ly2hE3StWp,0.711,0.295,0,-12.377,0,0.0334,0.534,4.51e-05,0.0782,0.694,135.041
"Sapna Jahan (From ""Brothers"")","Ajay-Atul, Sonu Nigam, Neeti Mohan","Sapna Jahan (From ""Brothers"")",4kTUCS1HWZ7YjjbKofxUuz,6uQkoo1UGWThtEpNEYc6Ga,59,2015-07-24,341780,False,https://open.spotify.com/track/6uQkoo1UGWThtEpNEYc6Ga,0.471,0.329,0,-11.958,0,0.0312,0.78,0.0021,0.117,0.144,126.107
"Naach Meri Jaan (From ""Tubelight"")","Pritam, Kamaal Khan, Nakash Aziz, Dev Negi, TUSHAR JOSHI","Naach Meri Jaan (From ""Tubelight"")",1G368bg88q60FSnZzO8zSG,58xfjvVVP0mTXUW7akq2EL,19,2017-06-01,287273,False,https://open.spotify.com/track/58xfjvVVP0mTXUW7akq2EL,0.627,0.939,4,-3.041,1,0.179,0.415,1.67e-06,0.182,0.92,198.106
Jai Ho! (You Are My Destiny),"A.R. Rahman, The Pussycat Dolls, Nicole Scherzinger",Jai Ho! (You Are My Destiny),1oMuVetdRIXCSOp2OgcIu5,7Kpqjspw4Y7HrvItIRcBiW,59,2009-01-01,222400,False,https://open.spotify.com/track/7Kpqjspw4Y7HrvItIRcBiW,0.657,0.941,8,-3.919,0,0.061,0.0476,0.0,0.0797,0.879,136.202
"Dance Basanti (From ""Ungli"")","Sachin-Jigar, Vishal Dadlani, Anushka Manchanda",#Hashmania (Emraan Hashmi's Biggest Hits!),2UaUq5p9m2w2xkUCcpSq0R,2SITaMaPE9Lc6Lodz4ACsH,23,2015-05-07,223992,False,https://open.spotify.com/track/2SITaMaPE9Lc6Lodz4ACsH,0.833,0.74,6,-4.513,0,0.129,0.166,2.74e-06,0.363,0.804,103.035
Kabhi Khushi Kabhie Gham,"Jatin-Lalit, Lata Mangeshkar",Kabhi Khushi Kabhie Gham (Original Motion Picture Soundtrack),5lExQTV6ELzqRgwsqahZoh,0eGtFJBfYUKF2CvNZJEu3M,49,2001-11-28,471947,False,https://open.spotify.com/track/0eGtFJBfYUKF2CvNZJEu3M,0.451,0.763,1,-5.911,1,0.106,0.524,0.000198,0.127,0.663,92.266
Luka Chuppi,"A.R. Rahman, Lata Mangeshkar",Rang De Basanti (Original Motion Picture Soundtrack),0NKNDn80mhKn4Xi6nHrsqQ,500H9ENeR5AYbKU1ScK6ME,60,2005-12-04,396507,False,https://open.spotify.com/track/500H9ENeR5AYbKU1ScK6ME,0.601,0.441,4,-8.946,1,0.0285,0.645,1.08e-06,0.0986,0.202,103.862
Radha Kaise Na Jale,"A.R. Rahman, Asha Bhosle, Udit Narayan, Vaishali Samant",Lagaan (Original Motion Picture Soundtrack),1emmJiAJRnSYETup4o1UsM,0wnLMEOQlyW3Es1ag0HMVV,58,2001-04-03,334707,False,https://open.spotify.com/track/0wnLMEOQlyW3Es1ag0HMVV,0.729,0.505,7,-9.236,1,0.323,0.229,0.0,0.0975,0.723,148.435
"Chura Liya Hai Tumne Jo Dil Ko - From ""Yaadon Ki Baaraat""","Asha Bhosle, Mohammed Rafi","Legends: Asha Bhosle - The Enchantress, Vol. 4",3Nij23m2VFwZQRcGOxjwzz,4Nhuz2meLgc4Wgq2mQtubK,0,2013-03-05,287840,False,https://open.spotify.com/track/4Nhuz2meLgc4Wgq2mQtubK,0.559,0.318,9,-11.106,0,0.0317,0.857,1.88e-06,0.11,0.684,80.242
Mitwa,"Shankar-Ehsaan-Loy, Shankar Mahadevan, Caralisa Monteiro, Shafqat Amanat Ali",Kabhi Alvida Naa Kehna (Original Motion Picture Soundtrack),4hYTERVUXY74XJdm8tyXBV,4BTPzhEsyW3blWcxcuhLM0,65,2006-06-08,382973,False,https://open.spotify.com/track/4BTPzhEsyW3blWcxcuhLM0,0.63,0.63,4,-7.525,1,0.0364,0.295,1.26e-05,0.0934,0.517,107.103
Maa Tujhe Salaam,A.R. Rahman,Vande Mataram,7zFbzmYGeZeIoplDTADF0Z,3aozKh1z4SSZXAm7TpcXtk,42,1997-09-26,374667,False,https://open.spotify.com/track/3aozKh1z4SSZXAm7TpcXtk,0.708,0.526,10,-11.187,1,0.0314,0.14,0.00137,0.105,0.389,127.494
Rang De Basanti,"A.R. Rahman, Daler Mehndi, K. S. Chithra",Rang De Basanti (Original Motion Picture Soundtrack),0NKNDn80mhKn4Xi6nHrsqQ,1SdFBc40uBU5Pqylo05VIC,46,2005-12-04,363800,False,https://open.spotify.com/track/1SdFBc40uBU5Pqylo05VIC,0.848,0.925,7,-6.161,1,0.0767,0.054,0.104,0.209,0.69,105.006
